Year,1804.2a,NL1b,1805.1a,1805.2a,1806.1a,NL2a,1910.1a,1910.1b,1910.2a,1910.2b,1911.1a,1911.1b,1911.2a,1911.2b,1912.1a,1912.1b,1912.2a,1912.2b,1913.1a,1913.1b,1913.2a,1913.2b,1809.1a,1809.1b,1809.2a,1809.2b,1804.1b,1600.1a,1600.1b,1600.2b,1600.2a,1599.1b,1599.1a,1599.2b,1599.2a,1598.1a,1598.1b,1598.2a,1598.2b,1597.1b,1597.1a,1596.1a,1596.1b,1596.2a,1596.2b,1611.1a,1611.1b,1610.1a,1610.1b,1611.2b,1610.2a,1610.2b,1592.1a,1592.1b,1592.2a,1593.1a,1593.1b,1593.2a,1593.2b,1594.1a,1594.1b,1594.2a,1594.2b,1595.1a,1595.1b,1595.2a,1595.2b,1801.1a,1801.1b,1801.2a,1801.2b,1802.1a,1802.1b,1803.2b,1802.2a,1802.2b,1906.1a,1906.1b,1906.2a,1906.2b,1907.1a,1907.1b,1907.2a,1907.2b,1908.1a,1908.1b,1908.2a,1908.2b,1909.1a,1909.1b,1909.2a,1909.2b,NL3a,NL3b,1590.1a,1590.1b,1590.2a,1590.2b,1591.1Aa,1591.1Ab,1591.2Aa,1591.2Ab,1591.1a,1591.1b,1591.2a,1591.2b
1763,,1.188,,,,,,,,,,,,,,,,,,,,,,,,,,,,,,,,,,,,,,,,,,,,,,,,,,,,,,,,,,,,,,,,,,,,,,,,,,,,,,,,,,,,,,,,,,,,,,,,,,,,,,,,
1764,,1.176,,,,,,,,,,,,,,,,,,,,,,,,,,,,,,,,,,,,,,,,,,,,,,,,,,,,,,,,,,,,,,,,,,,,,,,,,,,,,,,,,,,,,,,,,,,,,,,,,,,,,,,,
1765,,0.897,,,,,,,,,,,,,,,,,,,,,,,,,,,,,,,,,,,,,,,,,,,,,,,,,,,,,,,,,,,,,,,,,,,,,,,,,,,,,,,,,,,,,,,,,,,,,,,,,,,,,,,,
1766,,0.597,,,,,,,,,,,,,,,,,,,,,,,,,,,,,,,,,,,,,,,,,,,,,,,,,,,,,,,,,,,,,,,,,,,,,,,,,,,,,,,,,,,,,,,,,,,,,,,,,,,,,,,,
1767,,0.59,,,,,,,,,,,,,,,,,,,,,,,,,,,,,,,,,,,,,,,,,,,,,,,,,,,,,,,,,,,,,,,,,,,,,,,,,,,,,,,,,,,,,,,,,,,,,,,,,,,,,,,,
1768,,0.489,,,,,,,,,,,,,,,,,,,,,,,,,,,,,,,,,,,,,,,,,,,,,,,,,,,,,,,,,,,,,,,,,,,,,,,,,,,,,,,,,,,,,,,,,,,,,,,,,,,,,,,,
1769,,0.677,,,,,,,,,,,,,,,,,,,,,,,,,,,,,,,,,,,,,,,,,,,,,,,,,,,,,,,,,,,,,,,,,,,,,,,,,,,,,,,,,,,,,,,,,,,,,,,,,,,,,,,,
1770,,0.736,,,,,,,,,,,,,,,,,,,,,,,,,,,,,,,,,,,,,,,,,,,,,,,,,,,,,,,,,,,,,,,,,,,,,,,,,,,,,,,,,,,,,,,,,,,,,,,,,,,,,,,,
1771,,0.523,,,,,,,,,,,,,,,,,,,,,,,,,,,,,,,,,,,,,,,,,,,,,,,,,,,,,,,,,,,,,,,,,,,,,,,,,,,,,,,,,,,,,,,,,,,,,,,,,,,,,,,,
1772,,0.518,,,,,,,,,,,,,,,,,,,,,,,,,,,,,,,,,,,,,,,,,,,,,,,,,,,,,,,,,,,,,,,,,,,,,,,,,,,,,,,,,,,,,,,,,,,,,,,,,,,,,,,,
1773,,0.464,,,,,,,,,,,,,,,,,,,,,,,,,,,,,,,,,,,,,,,,,,,,,,,,,,,,,,,,,,,,,,,,,,,,,,,,,,,,,,,,,,,,,,,,,,,,,,,,,,,,,,,,
1774,,0.41,,,,,,,,,,,,,,,,,,,,,,,,,,,,,,,,,,,,,,,,,,,,,,,,,,,,,,,,,,,,,,,,,,,,,,,,,,,,,,,,,,,,,,,,,,,,,,,,,,,,,,,,
1775,,0.359,,,,,,,,,,,,,,,,,,,,,,,,,,,,,,,,,,,,,,,,,,,,,,,,,,,,,,,,,,,,,,,,,,,,,,,,,,,,,,,,,,,,,,,,,,,,,,,,,,,,,,,,
1776,,0.457,,,,,,,,,,,,,,,,,,,,,,,,,,,,,,,,,,,,,,,,,,,,,,,,,,,,,,,,,,,,,,,,,,,,,,,,,,,,,,,,,,,,,,,,,,,,,,,,,,,,,,,,
1777,,0.55,,,,,,,,,,,,,,,,,,,,,,,,,,,,,,,,,,,,,,,,,,,,,,,,,,,,,,,,,,,,,,,,,,,,,,,,,,,,,,,,,,,,,,,,,,,,,,,,,,,,,,,,
1778,,0.498,,,,,,,,,,,,,,,,,,,,,,,,,,,,,,,,,,,,,,,,,,,,,,,,,,,,,,,,,,,,,,,,,,,,,,,,,,,,,,,,,,,,,,,,,,,,,,,,,,,,,,,,
1779,,0.497,,,,,,,,,,,,,,,,,,,,,,,,,,,,,,,,,,,,,,,,,,,,,,,,,,,,,,,,,,,,,,,,,,,,,,,,,,,,,,,,,,,,,,,,,,,,,,,,,,,,,,,,
1780,,0.576,,,,,,,,,,,,,,,,,,,,,,,,,,,,,,,,,,,,,,,,,,,,,,,,,,,,,,,,,,,,,,,,,,,,,,,,,,,,,,,,,,,,,,,,,,,,,,,,,,,,,,,,
1781,,0.681,,,,,,,,,,,,,,,,,,,,,,,,,,,,,,,,,,,,,,,,,,,,,,,,,,,,,,,,,,,,,,,,,,,,,,,,,,,,,,,,,,,,,,,,,,,,,,,,,,,,,,,,
1782,,0.575,,,,,,,,,,,,,,,,,,,,,,,,,,,,,,,,,,,,,,,,,,,,,,,,,,,,,,,,,,,,,,,,,,,,,,,,,,,,,,,,,,,,,,,,,,,,,,,,,,,,,,,,
1783,,0.431,,,,,,,,,,,,,,,,,,,,,,,,,,,,,,,,,,,,,,,,,,,,,,,,,,,,,,,,,,,,,,,,,,,,,,,,,,,,,,,,,,,,,,,,,,,,,,,,,,,,,,,,
1784,,0.308,,,,,,,,,,,,,,,,,,,,,,,,,,,,,,,,,,,,,,,,,,,,,,,,,,,,,,,,,,,,,,,,,,,,,,,,,,,,,,,,,,,,,,,,,,,,,,,,,,,,,,,,
1785,,0.25,,,,,,,,,,,,,,,,,,,,,,,,,,,,,,,,,,,,,,,,,,,,,,,,,,,,,,,,,,,,,,,,,,,,,,,,,,,,,,,,,,,,,,,,,,,,,,,,,,,,,,,,
1786,,0.225,,,,,,,,,,,,,,,,,,,,,,,,,,,,,,,,,,,,,,,,,,,,,,,,,,,,,,,,,,,,,,,,,,,,,,,,,,,,,,,,,,,,,,,,,,,,,,,,,,,,,,,,
1787,,0.161,,,,,,,,,,,,,,,,,,,,,,,,,,,,,,,,,,,,,,,,,,,,,,,,,,,,,,,,,,,,,,,,,,,,,,,,,,,,,,,,,,,,,,,,,,,,,,,,,,,,,,,,
1788,,0.147,,,,,,,,,,,,,,,,,,,,,,,,,,,,,,,,,,,,,,,,,,,,,,,,,,,,,,,,,,,,,,,,,,,,,,,,,,,,,,,,,,,,,,,,,,,,,,,,,,,,,,,,
1789,,0.116,,,,,,,,,,,,,,,,,,,,,,,,,,,,,,,,,,,,,,,,,,,,,,,,,,,,,,,,,,,,,,,,,,,,,,,,,,,,,,,,,,,,,,,,,,,,,,,,,,,,,,,,
1790,,0.195,,,,,,,,,,,,,,,,,,,,,,,,,,,,,,,,,,,,,,,,,,,,,,,,,,,,,,,,,,,,,,,,,,,,,,,,,,,,,,,,,,,,,,,,,,,,,,,,,,,,,,,,
1791,,0.237,,,,,,,,,,,,,,,,,,,,,,,,,,,,,,,,,,,,,,,,,,,,,,,,,,,,,,,,,,,,,,,,,,,,,,,,,,,,,,,,,,,,,,,,,,,,,,,,,,,,,,,,
1792,,0.196,,,,,,,,,,,,,,,,,,,,,,,,,,,,,,,,,,,,,,,,,,,,,,,,,,,,,,,,,,,,,,,,,,,,,,,,,,,,,,,,,,,,,,,,,,,,,,,,,,,,,,,,
1793,,0.11,,,,,,,,,,,,,,,,,,,,,,,,,,,,,,,,,,,,,,,,,,,,,,,,,,,,,,,,,,,,,,,,,,,,,,,,,,,,,,,,,,,,,,,,,,,,,,,,,,,,,,,,
1794,,0.081,,,,,,,,,,,,,,,,,,,,,,,,,,,,,,,,,,,,,,,,,,,,,,,,,,,,,,,,,,,,,,,,,,,,,,,,,,,,,,,,,,,,,,,,,,,,,,,,,,,,,,,,
1795,,0.06600001,,,,,,,,,,,,,,,,,,,,,,,,,,,,,,,,,,,,,,,,,,,,,,,,,,,,,,,,,,,,,,,,,,,,,,,,,,,,,,,,,,,,,,,,,,,,,,,,,,,,,,,,
1796,,0.095,,,,,,,,,,,,,,,,,,,,,,,,,,,,,,,,,,,,,,,,,,,,,,,,,,,,,,,,,,,,,,,,,,,,,,,,,,,,,,,,,,,,,,,,,,,,,,,,,,,,,,,,
1797,,0.104,,,,,,,,,,,,,,,,,,,,,,,,,,,,,,,,,,,,,,,,,,,,,,,,,,,,,,,,,,,,,,,,,,,,,,,,,,,,,,,,,,,,,,,,,,,,,,,,,,,,,,,,
1798,,0.148,,,,,,,,,,,,,,,,,,,,,,,,,,,,,,,,,,,,,,,,,,,,,,,,,,,,,,,,,,,,,,,,,,,,,,,,,,,,,,,,,,,,,,,,,,,,,,,,,,,,,,,,
1799,,0.207,,,,,,,,,,,,,,,,,,,,,,,,,,,,,,,,,,,,,,,,,,,,,,,,,,,,,,,,,,,,,,,,,,,,,,,,,,,,,,,,,,,,,,,,,,,,,,,,,,,,,,,,
1800,,0.284,,,,,,,,,,,,,,,,,,,,,,,,,,,,,,,,,,,,,,,,,,,,,,,,,,,,,,,,,,,,,,,,,,,,,,,,,,,,,,,,,,,,,,,,,,,,,,,,,,,,,,,,
1801,,0.205,,,,,,,,,,,,,,,,,,,,,,,,,,,,,,,,,,,,,,,,,,,,,,,,,,,,,,,,,,,,,,,,,,,,,,,,,,,,,,,,,,,,,,,,,,,,,,,,,,,,,,,,
1802,,0.266,,,,,,,,,,,,,,,,,,,,,,,,,,,,,,,,,,,,,,,,,,,,,,,,,,,,,,,,,,,,,,,,,,,,,,,,,,,,,,,,,,,,,,,,,,,,,,,,,,,,,,,,
1803,,0.227,,,,,,,,,,,,,,,,,,,,,,,,,,,,,,,,,,,,,,,,,,,,,,,,,,,,,,,,,,,,,,,,,,,,,,,,,,,,,,,,,,,,,,,,,,,,,,,,,,,,,,,,
1804,,0.215,,,,,,,,,,,,,,,,,,,,,,,,,,,,,,,,,,,,,,,,,,,,,,,,,,,,,,,,,,,,,,,,,,,,,,,,,,,,,,,,,,,,,,,,,,,,,,,,,,,,,,,,
1805,,0.249,,,,,,,,,,,,,,,,,,,,,,,,,,,,,,,,,,,,,,,,,,,,,,,,,,,,,,,,,,,,,,,,,,,,,,,,,,,,,,,,,,,,,,,,,,,,,,,,,,,,,,,,
1806,,0.278,,,,,,,,,,,,,,,,,,,,,,,,,,,,,,,,,,,,,,,,,,,,,,,,,,,,,,,,,,,,,,,,,,,,,,,,,,,,,,,,,,,,,,,,,,,,,,,,,,,,,,,,
1807,,0.213,,,,,,,,,,,,,,,,,,,,,,,,,,,,,,,,,,,,,,,,,,,,,,,,,,,,,,,,,,,,,,,,,,,,,,,,,,,,,,,,,,,,1.095,,1.826,,,,,,,,,,,,,,,,,,
1808,,0.374,,,,,,,,,,,,,,,,,,,,,,,,,,,,,,,,,,,,,,,,,,,,,,,,,,,,,,,,,,,,,,,,,,0.44,0.44,,,,,,,,,,,,,,,,,0.918,,1.383,,1.247,,,,,,,,,,,,,,,,
1809,,0.472,,,,,,,,,,,,,,,,,,,,,,,,,,,,,,,,,,,,,,,,,,,,,,,,,,,,,,,,,,,,,,,,,,0.435,0.567,,,,,,,,,,,,,,,,,1.111,,1.553,,0.928,,,,,,,,,,,,,,,,
1810,,0.385,,,,,,,,,,,,,,,,,,,,,,,,,,,,,,,,,,,,,,,,,,,,,,,,,,,,,,,,,,,,,,,,,,0.326,0.331,,,,,,,,,,,,,,,,,0.802,,1.377,,0.756,,,,,,,,,,,,,,,,
1811,,0.425,,,,,,,,,,,,,,,,,,,,,,,,,,,,,,,,,,,,,,,,,,,,,,,,,,,,,,,,,,,,,,,,,,0.245,0.285,,,,,,,,,,,,,,,,,0.921,,1.324,,0.703,,,,,,,,,,,,,,,,
1812,,0.363,,,,,,,,,,,,,,,,,,,,,,,,,,,,,,,,,,,,,,,,,,,,,,,,,,,,,,,,,,,,,,,,,,0.266,0.372,,,,,,,,,,,,,,,,,0.623,1.295,1.694,,0.654,,,,,,,,,,,,,,,,
1813,,0.327,,,,,,,,,,,,,,,,,,,,,,,,,,,,,,,,,,,,,,,,,,,,,,,,,,,,,,,,,,,,,,,,,,0.342,0.422,,,,,,,,,,,,,,,,,0.913,1.249,0.93,,0.481,,,,,,,,,,,,,,,,
1814,,0.317,,,,,,,,,,,,,,,,,,,,,,,,,,,,,,,,,,,,,,,,,,,,,,,,,,,,,,,,,,,,,,,,,,0.147,0.223,,,,,,,,,,,,,,,,,0.399,1.013,0.54,,0.336,,,,,,,,,,,,,,,,
1815,,0.23,,,,,,,,,,,,,,,,,,,,,,,,,,,,,,,,,,,,,,,,,,,,,,,,,,,,,,,,,,,,,,,,,,0.212,0.297,,,,,,,,,,,,,,,,,0.832,0.546,0.192,,0.492,,,,,,,,,,,,,,,,
1816,,0.304,,,,0.184,,,,,,,,,,,,,,,,,,,,,,,,,,,,,,,,,,,,,,,,,,,,,,,,,,,,,,,,,,,,,,0.342,0.446,,,,,,,,,,,,,,,,,0.593,0.5050001,0.195,,0.404,,,,,,,,,,,,,,,,
1817,,0.211,,,,0.328,,,,,,,,,,,,,,,,,,,,,,,,,,,,,,,,,,,,,,,,,,,,,,,,,,,,,,,,,,,,,,0.277,0.487,,,,,,,,,,,,,,,,,0.617,0.205,0.241,,0.306,,,,,,,,,,,,,,,,
1818,,0.202,,,,0.383,,,,,,,,,,,,,,,,,,,,,,,,,,,,,,,,,,,,,,,,,,,,,,,,,,,,,,,,,,,,,,0.181,0.309,,,,,,,,,,,,,,,,,0.833,0.177,0.265,,0.257,,,,,,,,,,,,,,,,
1819,,0.18,,,,0.514,,,,,,,,,,,,,,,,,,,,,,,,,,,,,,,,,,,,,,,,,,,,,,,,,,,,,,,,,,,,,,0.147,0.299,,,,,,,,,,,,,,,,,0.539,0.177,0.236,,0.408,,,,,,,,,,,,,,,,
1820,,0.257,,,,1.073,,,,,,,,,,,,,,,,,,,,,,,,,,,,,,,,,,,,,,,,,,,,,,,,,,,,,,,,,,,,,,0.183,0.411,,,,,,,,,,,,,,,,,0.603,0.328,0.221,,0.9850001,,,,,,,,,,,,,,,,
1821,,0.298,,,,0.591,,,,,,,,,,,,,,,,,,,,,,,,,,,,,,,,,,,,,,,,,,,,,,,,,,,,,,,,,,,,,,0.436,0.784,,,,,,,,,,,,,,,,,0.553,0.291,0.229,,0.427,,,,,,,,,,,,,,,,
1822,,0.269,,,,0.629,,,,,,,,,,,,,,,,,,,,,1.077,,,,,,,,,,,,,,,,,,,,,,,,,,,,,,,,,,,,,,,,,0.493,0.961,,,,,,,,,,,,,,,,,0.267,0.318,0.369,,0.599,,,,,,,,,,,,,,,,
1823,,0.144,,,,0.485,,,,,,,,,,,,,,,,,,,,,0.684,,,,,,,,,,,,,,,,,,,,,,,,,,,,,,,,,,,,,,,,,0.718,1.198,,,,,,,,,,,,,,,,,0.176,0.318,0.382,,0.478,,,,,,,,,,,,,,,,
1824,,0.16,,,,0.364,,,,,,,,,,,,,,,,,,,,,0.679,,,,,,,,,,,,,,,,,,,,,,,,,,,,,,,,,,,,,,,,,0.686,1.488,,,,,,,,,,,,,,,,,0.159,0.4,0.31,,0.697,,,,,,,,,,,,,,,,
1825,,0.175,,,,0.473,,,,,,,,,,,,,,,,,,,,,0.393,,,,,,,,,,,,,,,,,,,,,,,,,,,,,,,,,,,,,,,,,0.703,1.348,,,,,,,,,,,,,,,,,0.136,0.203,0.213,,0.567,,,,,,,,,,,,,,,,
1826,,0.129,,,,0.958,,,,,,,,,,,,,,,,,,,,,0.436,,,,,,,,,,,,,,,,,,,,,,,,,,,,,,,,,,,,,,,,,0.629,1.203,,,,,,,,,,,,,,,,,0.195,0.235,0.087,,0.593,,,,,,,,,,,,,,,,
1827,,0.149,,,,0.611,,,,,,,,,,,,,,,,,,,,,0.51,,,,,,,,,,,,,,,,,,,,,,,,,,,,,,,,,,,,,,,,,0.618,1.306,,,,,,,,,,,,,,,,,0.368,0.234,0.174,,0.715,,,,,,,,,,,,,,,,
1828,,0.149,,,,0.763,,,,,,,,,,,,,,,,,,,,,0.477,,,,,,,,,,,,,,,,,,,,,,,,,,,,,,,,,,,,,,,,,0.715,1.786,,,,,,,,,,,,,,,,1.773,0.344,0.308,0.171,,0.699,,,,,,,,,,,,,,,,
1829,,0.124,,,,0.475,,,,,,,,,,,,,,,,,,,,,0.557,,,,,,,,,,,,,,,,,,,,,,,,,,,,,,,,,,,,,,,,,0.516,1.692,,,,,,,,,,,,,,,,1.255,0.357,0.5280001,0.124,,0.585,,,,,,,,,,,,,,,,
1830,,0.179,,,,0.354,,,,,,,,,,,,,,,,,,,,,0.5,,,,,,,,,,,,,,,,,,,,,,,,,,,,,,,,,,,,,,,,,0.502,1.68,,,,,,,,,,,,,,,,1.311,0.308,0.627,0.13,,0.47,,,,,,,,,,,,,,,,
1831,,0.211,,,,0.239,,,,,,,,,,,,,,,,,,,,,0.677,,,,,,,,,,,,,,,,,,,,,,,,,,,,,,,,,,,,,,,,,0.555,1.798,,,,,,,,,,,,,,,,0.96,0.218,0.626,0.124,,0.451,,,,,,,,,,,,,,,,
1832,,0.255,,,,0.203,,,,,,,,,,,,,,,,,,,,,0.544,,,,,,,,,,,,,,,,,,,,,,,,,,,,,,,,,,,,,,,,,0.565,2.177,0.773,,,,,,,,,,,,,,,1.063,0.221,0.539,0.173,,0.504,,,,,,,,,,,,,,,,
1833,,0.233,,,,0.328,,,,,,,,,,,,,,,,,,,,,0.367,,,,,,,,,,,,,,,,,,,,,,,,,,,,,,,,,,,,,,,,,0.415,1.697,0.534,1.974,,,,,,,,,,,,,,0.458,0.454,1.44,0.176,,0.6300001,,,,,,,,,,,,,,,,
1834,,0.257,,,,0.329,,,,,,,,,,,,,,,,,,,,,0.3,,,,,,,,,,,,,,,,,,,,,,,,,,,,,,,,,,,,,,,,,0.447,1.538,0.389,1.285,,,,,,,,,,,,,,0.8600001,0.489,1.104,0.106,,0.428,,,,,,,,,,,,,,,,
1835,0.398,0.354,,,,0.365,,,,,,,,,,,,,,,,,,,,,0.31,,,,,,,,,,,,,,,,,,,,,,,,,,,,,,,,,,,,,,,,,0.427,0.98,0.311,1.489,,,,,,,,,,,,,,0.491,0.296,1.309,0.07300001,,0.287,,,,,,,,,,,,,,,,
1836,0.343,0.16,,,,0.346,,,,,,,,,,,,,,,,,,,,,0.316,,,,,,,,,,,,,,,,,,,,,,,,,,,,,,,,,,,,,,,,,0.434,0.695,0.383,0.974,,,,,,,,,,,,,,0.606,0.72,0.605,0.078,,0.277,,,,,,,,,,,,,,,,
1837,0.243,0.134,,,,0.391,,,,,,,,,,,,,,,,,,,,,0.259,,,,,,,,,,,,,,,,,,,,,,,,,,,,,,,,,,,,,,,,,0.362,0.511,0.376,0.903,,,,,,,,,,,,,,0.52,0.521,0.348,0.133,,0.261,,,,,,,,,,,,,,,,
1838,0.277,0.148,,,,0.362,,,,,,,,,,,,,,,,,,,,,0.361,,,,,,,,,,,,,,,,,,,,,,,,,,,,,,,,,,,,,,,,,0.238,0.313,0.316,0.883,,,,,,,,,,,,,,0.503,0.445,0.598,0.136,,0.38,,,,,,,,,,,,,,,,
1839,0.371,0.126,,,,0.242,,,,,,,,,,,,,,,,,,,,,0.288,,,,,,,,,,,,,,,,,,,,,,,,,,,,,,,,,,,,,,,,,0.301,0.408,0.345,0.507,,,,,,,,,,,,,,0.644,0.202,0.299,0.152,,0.283,,0.841,,,,,,,,,,,,,,
1840,0.316,0.195,,,,0.227,,,,,,,,,,,,,,,,,,,,,0.27,,,,,,,,,,,,,,,,,,,,,,,,,,,,,,,,,,,,,,,,,0.202,0.412,0.369,0.475,,,,,,,,,,,,,,0.524,0.263,0.395,0.054,,0.303,1.631,0.707,,,,,,,,,,,,,,
1841,0.198,0.214,,,,0.113,,,,,,,,,,,,,,,,,,,,,0.335,,,,,,,,,,,,,,,,,,,,,,,,,,,,,,,,,,,,,,,,,0.253,0.631,0.368,0.576,,,,,,,,,,,,,,0.598,0.273,0.13,0.208,,0.364,0.672,0.542,,,,,,,,,,,,,,
1842,0.227,0.211,,,,0.165,,,,,,,,,,,,,,,,,,,,,0.213,,,,,,,,,,,,,,,,,,,,,,,,,,,,,,,,,,,,,,,,,0.304,0.656,0.406,0.783,,,,,,,,,,,,,,0.699,0.126,0.141,0.162,,0.298,0.744,1.362,,,,,,,,,,,,,,
1843,0.29,0.177,,,,0.123,,,,,,,,,,,,,,,,,,,,,0.186,,,,,,,,,,,,,,,,,,,,,,,,,,,,,,,,,,,,,,,,,0.271,0.888,0.34,0.928,,,,,,,,,,,,,,0.78,0.238,0.092,0.164,,0.314,0.526,1.048,,,,,,,,,,,,,,
1844,0.304,0.122,,,,0.148,,,,,,,,,,,,,,,,,0.519,,,,0.205,,,,,,,,,,,,,,,,,,,,,,,,,,,,,,,,,,,,,,,,,0.08000001,0.558,0.36,0.568,,,,,,,,,,,,,,0.838,0.374,0.133,0.171,1.058,0.322,0.924,0.387,,,,,,,,,,,,,,
1845,0.373,0.161,,,,0.199,,,,,,,,,,,,,,,,,0.447,,,,0.255,,,,,,,,,,,,,,,,,,,,,,,,,,,,,,,,,,,,,,,,,0.053,0.271,0.369,0.718,,0.42,,,,,,,,,,,,0.864,0.374,0.16,0.286,0.925,0.407,0.561,0.585,,,,,,,,,,,,,,
1846,0.472,0.142,,,,0.227,,,,,,,,,,,,,,,,,0.748,,,,0.266,,,,,,,,,,,,,,,,,,,,,,,,,,,,,,,,,,,,,,,,,0.113,0.393,0.459,0.524,0.415,0.334,,,,,,,,,,,,0.733,0.428,0.225,0.408,0.897,0.344,0.677,0.9310001,,,,,,,,,,,,,,
1847,0.493,0.175,,,,0.19,,,,,,,,,,,,,,,,,0.729,0.425,,,0.321,,,,,,,,,,,,,,,,,,,,,,,,,,,,,,,,,,,,,,,,,0.149,0.5,0.358,0.429,0.383,0.444,,,,,,,,,,,,0.345,0.447,0.074,0.44,0.786,0.434,0.527,0.875,,,,,,,,,,,,,,
1848,0.556,0.17,,,,0.128,,,,,,,,,,,,,,,,,0.667,0.53,,,0.334,,,,,,,,,,,,,,,,,,,,,,,,,,,,,,,,,,,,,,,,,0.218,0.472,0.454,0.501,0.462,0.337,,,,,,,,,,,,0.385,0.19,0.156,0.444,0.569,0.399,0.525,0.9310001,,,,,,,,,,,,,,
1849,0.452,0.117,,,,0.107,,,,,,,,,,,,,,,,,0.351,0.945,,,0.435,,,,,,,,,,,,,,,,,,,0.312,,,,,,,,,,,,,,,,,,,,,,0.222,0.789,0.375,0.567,0.488,0.377,,,,,,,,,,,,0.431,0.331,0.055,0.388,0.347,0.45,0.367,0.59,,,,,,,,,,,,,,
1850,0.524,0.15,,,,0.08000001,,,,,,,,,,,,,,,,,0.369,1.069,,,0.457,,,,,,,,,,,,,,,,,,,0.115,0.347,,,,,,,,,,,,,,,,,,,,,0.324,0.909,0.303,0.654,0.52,0.399,,,,,,,,,,,,0.576,0.199,0.101,0.439,0.204,0.663,0.364,0.691,,,,,,,,,,,,,,
1851,0.45,0.189,,,,0.096,,,,,,,,,,,,,,,,,0.398,0.602,,,0.313,,,,,,,,,,,,,,,,,,,0.192,0.132,,,,,,,,,,,,,,,,,,,,,0.363,0.873,0.493,0.611,0.69,0.395,,,,,,,,,,,,0.591,0.141,0.112,0.281,0.318,0.432,0.363,0.813,,,,,,,,,,,,,,
1852,0.455,0.159,,,,0.093,,,,,,,,,,,,,,,,,0.7090001,0.781,,,0.507,,,,,,,,,,,,,,,,,,,0.221,0.195,,,,,,,,,,,,,,,,,,,,,0.293,0.572,0.571,0.984,0.437,0.579,,,,,,,,,,,,0.433,0.134,0.185,0.152,0.231,0.509,0.258,0.961,,,,,,,,,,,,,,
1853,0.547,0.183,,,,0.1,,,,,,,,,,,,,,,,,0.805,1.19,,,0.443,,,,,,,,,,,,,,,,,,,0.271,0.292,,,,,,,,,,,,,,,,,,,,,0.472,0.829,0.616,0.957,0.555,0.508,,,,,,,,,,,,0.398,0.117,0.133,0.144,0.177,0.327,0.259,0.64,,,,,,,,,,,,,,
1854,0.711,0.228,,,,0.096,,,,,,,,,,,,,,,,,0.718,1.016,,,0.489,,,,,,,,,,,,,,,,,,,0.473,0.283,,,,,,,,,,,,,,,,,,,,,0.379,0.84,0.775,0.948,0.244,0.335,,,,,,,,,,,,0.256,0.072,0.142,0.197,0.234,0.186,0.244,0.566,,,,,,,,,,,,,,
1855,0.576,0.229,,,,0.147,,,,,,,,,,,,,,,,,0.62,1.019,,,0.474,,,,,,,,,,,,,,,,,,,0.305,0.35,,,,,,,,,,,,,,,,,,,,,0.49,1.388,1.12,0.998,0.171,0.172,,,,,,,,,,,,0.15,0.123,0.225,0.161,0.537,0.22,0.22,0.763,,,,,,,,,,,,,,
1856,0.536,0.202,,,,0.198,,,,,,,,,,,,,,,,,0.735,1.187,,,0.553,,,,,,,,,,,,,,,,,,,0.431,0.283,,,,,,,,,,,,,,,,,,,,,0.567,1.041,1.057,1.205,0.058,0.075,,,,,,,,,,,,0.068,0.171,0.211,0.095,0.672,0.034,0.272,0.417,,,,,,,,,,,,,,
1857,0.622,0.222,,,,0.27,,,,,,,,,,,,,,,,,0.725,0.471,,,0.485,,,,,,,,,,,,,,,,,,,0.432,0.381,,,,,,,,,,,,,,,,,,,,,0.679,1.423,1.324,1.21,0.024,0.056,,,,,,,,,,,,0.06,0.202,0.231,0.067,0.455,0.075,0.176,0.437,,,,,,,,,,,,,,
1858,0.553,0.192,,,,0.369,,,,,,,,,,,,,,,,,0.759,0.586,,,0.502,,,,,,,,,,,,,,,,,,,0.365,0.379,,,,,,,,,,,,,,,,,,,,,0.642,1.554,0.9060001,1.201,0.026,0.076,,,,,,,,,,,,0.088,0.152,0.248,0.086,0.642,0.045,0.435,0.347,,,,,,,,,,,,,,
1859,0.718,0.088,,,,0.377,,,,,,,,,,,,,,,,,0.586,0.621,,,0.494,,,,,,,,,,,,,,,,,,,0.288,0.43,,,,,,,,,,,,,,,,,,,,,0.8470001,1.245,0.475,1.01,0.102,0.092,,,,,,,,,,,,0.048,0.201,0.266,0.121,0.491,0.032,0.265,0.536,,,,,,,,,,,,,,
1860,0.621,0.115,,,,0.429,,,,,,,,,,,,,,,,,0.328,0.587,,,0.517,,,,,,,,,,,,,,,,,,,0.281,0.387,,,,,,,,,,,,,,,,,,,,,0.68,1.177,0.654,0.556,0.082,0.126,,,,,,,,,,,,0.056,0.257,0.175,0.067,0.385,0.155,0.193,0.227,,,,,,,,,,,,,,
1861,0.599,0.108,,,,0.365,0.493,0.476,,,,,,,,,,,,,,,0.415,0.503,,,0.537,,,,,,,,,,,,,,,,,,,0.368,0.284,,,,,,,,,,,,,,,,,,,,,0.568,0.624,0.33,0.932,0.116,0.178,,,,,,,,,,,,0.041,0.262,0.275,0.117,0.343,0.175,0.326,0.158,,,,,,,,,,,,,,
1862,0.689,0.083,,,,0.414,0.444,0.423,,,,,,,,,,,,,,,0.491,0.413,,,0.463,,,,,,,,,,,,,,,,,,,0.321,0.304,,,,,,,,,,,,,,,,,,,,,0.839,1.054,0.604,0.639,0.182,0.202,,,,,,,,,,,,0.034,0.28,0.223,0.259,0.212,0.395,0.278,0.196,,,,,,,,,,,,,,
1863,0.581,0.06600001,,,,0.367,0.302,0.241,,,,,,,,,,,,,,,0.485,0.404,,,0.479,,,,,,,,,,,,,,,,,,,0.296,0.247,,,,,,,,,,,,,,,,,,,,,0.73,0.72,0.611,0.85,0.215,0.301,,,,,,,,,,,,0.102,0.248,0.284,0.284,0.226,0.654,0.531,0.117,,,,,,,,,,,,,,
1864,0.623,0.109,,,,0.3,0.316,0.276,,,,,,,,,,,,,,,0.34,0.544,,,0.488,,,,,,,,,,,,,,,,,,,0.356,0.315,,,,,,,,,,,,,,,,,,,,,0.633,0.964,0.418,1.006,0.295,0.364,,,,,,,,,,,,0.089,0.329,0.223,0.332,0.165,0.503,0.398,0.137,,,,,,,,,,,,,,
1865,0.488,0.151,,,,0.301,0.548,0.412,,,,,,,,,,,,,,,0.379,0.461,,,0.445,,,,,,,,,,,,,,,,,,,0.394,0.301,,,,,,,,,,,,,,,,,,,,,0.8270001,1.239,0.466,0.726,0.417,0.362,,,,,,,,,,,,0.128,0.238,0.186,0.338,0.114,0.683,0.358,0.159,,,,,,,,,,,,,,
1866,0.44,0.105,,,,0.435,0.611,0.44,0.631,,,,,,,,,,,,,,0.254,0.529,,,0.479,,,,,,,,,,,,,,,,,,,0.336,0.41,,,,,,,,,,,,,,,,,,,,,0.665,0.748,0.331,0.961,0.414,0.444,,,,,,,,,,,,0.171,0.242,0.178,0.252,0.102,0.538,0.598,0.14,,,,,,,,,,,,,,
1867,0.376,0.098,,,,0.428,0.496,0.385,0.436,,,,,,,,0.378,,,,,,0.215,0.577,,,0.436,,,,,,,,,,,,,,,,,,,0.259,0.276,,,,,,,,,,,,,,,,,,,,,0.947,0.839,0.327,0.883,0.698,0.587,,,,,,,,,,,,0.154,0.283,0.21,0.304,0.118,0.447,0.462,0.171,,,,,,,,,,,,,,
1868,0.538,0.09100001,,,,0.522,0.509,0.501,0.413,,,,,,,,0.475,,,,,,0.137,0.682,,,0.752,,,,,,,,,,,,,,,,,,,0.231,0.282,,,,,,,,,,,,,,,,,,,,,0.735,0.741,0.354,0.837,0.554,0.675,,,,,,,,,,,,0.288,0.249,0.137,0.265,0.152,0.388,0.502,0.294,,,,,,,,,,,,,,
1869,0.54,0.131,,,,0.498,0.407,0.288,0.327,,,,,,,,0.456,,,,,,0.151,0.64,,,0.538,,,,,,,,,,,,,,,,,,,0.246,0.283,,,,,,,,,,,,,,,,,,,,,0.779,0.747,0.366,0.728,0.616,0.487,,,,,,,,,,,,0.172,0.292,0.155,0.266,0.184,0.549,0.623,0.196,,,,,,,,,,,,,,
1870,0.468,0.128,,,,0.625,0.777,0.483,0.429,,,,,,,,0.828,,,,,,0.152,0.66,,,0.53,,,,,,,,,,,,,,,,,,,0.3,0.362,,,,0.328,0.291,,,,,,,,,,,,,,,,0.606,0.609,0.41,0.868,0.507,0.708,,,1.069,,,,,,,,,0.262,0.225,0.093,0.215,0.178,0.532,0.398,0.213,,,,,,,,,,,,,,
1871,0.403,0.104,,,,0.33,1,0.56,0.642,,,,,,,,0.644,,,,,,0.161,0.663,,,0.498,,,,,,,,,,,,,,,,,,,0.289,0.527,,,,0.094,0.087,,,,,,,,,,,,,,,,0.704,0.859,0.342,1.03,0.646,0.712,,1.161,0.933,,,,,,,,,0.151,0.287,0.109,0.191,0.124,0.232,0.387,0.22,,,,,,,,,,,,,,
1872,0.33,0.133,,,,0.345,0.56,0.483,0.473,,,,,,,,0.499,0.441,,,,,0.206,0.936,,,0.471,,,,,,,,,,,,,,,,,,,0.299,0.561,,,,0.167,0.194,,,,,,,,,,,,,,,,0.882,1.233,0.369,0.954,0.667,0.585,,1.051,1.172,,,,,,,,,0.196,0.304,0.205,0.158,0.125,0.368,0.336,0.178,,,,,,,,,,,,,,
1873,0.365,0.13,,0.693,,0.373,0.456,0.389,0.392,0.629,,,,,,,0.433,0.422,,,,,0.131,0.998,,,0.43,,,,,,,,,,,,,,,,,,,0.202,0.662,,,,0.271,0.274,,,,,,,,,,,,,,,,0.969,1.061,0.347,1.015,0.577,0.381,,0.871,0.718,,,,,,,,,0.295,0.318,0.08000001,0.166,0.07,0.251,0.241,0.161,,,,,,,,,,,,,,
1874,0.392,0.123,,0.464,,0.398,0.374,0.276,0.329,0.529,,,,,,,0.342,0.453,,,,,0.142,0.87,,,0.342,,,,,,,,,,,,,,,,,,,0.24,0.561,,,,0.251,0.321,,,,,,,,,,,,,,,,1.028,1.394,0.366,0.995,0.44,0.257,,0.342,0.662,,,,,,,,,0.202,0.439,0.089,0.195,0.064,0.235,0.332,0.311,,,,,,,,,,,,,,
1875,0.396,0.126,,0.34,,0.398,0.688,0.329,0.481,0.495,,,,,,,0.421,0.672,,,,,0.202,1.106,,,0.338,,,,,,,,,0.458,,,,,,,,,,0.221,0.665,,,,0.313,0.358,,,,,,,,,,,,,,,,0.904,0.964,0.309,0,0.315,0.331,,0.425,0.384,,,,,,,,,0.19,0.47,0.249,0.288,0.059,0.111,0.451,0.338,,,,,,,,,,,,,,
1876,0.371,0.126,,0.248,,0.308,0.466,0.304,0.368,0.422,,,,,,,0.302,0.596,,,,,0.324,0.914,,1.961,0.319,,,,,,,,,0.41,,,,,,,,,,0.244,0.561,,,,0.324,0.259,,,,,,,,,,,,,,,,0.842,1.005,0.397,0.877,0.326,0.202,,0.338,0.307,,,,,,,,,0.156,0.575,0.216,0.297,0.064,0.221,0.327,0.27,,,,,,,,,,,,,,
1877,0.31,0.154,,0.294,,0.341,0.767,0.323,0.515,0.718,,,,,,,0.321,0.492,,,,,0.345,0.9680001,,1.651,0.356,,,,,,,,,0.555,,,0.203,,,,,,,0.356,0.72,,,,0.355,0.215,,,,,,,,,,,,,,,,0.8010001,0.776,0.331,0.927,0.272,0.231,,0.488,0.226,,,,,,,,,0.173,0.498,0.127,0.224,0.096,0.21,0.315,0.165,,,,,,,,,,,,,,
1878,0.483,0.176,,0.3,,0.323,0.6530001,0.32,0.479,0.905,,,,,,,0.263,0.384,,,,,0.307,0.745,,1.607,0.348,,,,,,,,,0.35,,,0.111,,,,,,,0.352,0.821,,,,0.364,0.322,,,,,,,,,,,,,,,,0.956,1.034,0.334,1.072,0.27,0.313,,0.552,0.188,,,,,,,,,0.141,0.422,0.11,0.207,0.076,0.271,0.326,0.154,,,,,,,,,,,,,,
1879,0.534,0.164,,0.373,,0.246,0.514,0.282,0.487,0.572,,,,,,,0.191,0.297,,,,,0.308,0.907,,1.247,0.344,,,,,,,,,0.441,0.393,0.721,0.068,,,,,,,0.323,0.823,,,,0.339,0.25,,,,,,,,,,,,,,,,0.9390001,0.765,0.417,1.165,0.39,0.325,,0.646,0.236,,,,,,,,,0.072,0.519,0.044,0.154,0.104,0.376,0.202,0.134,,,,,,,,,,,,,,
1880,0.347,0.179,,0.44,,0.242,1.001,0.357,0.587,0.489,,,,,,,0.259,0.353,,,,,0.299,0.894,,0.8850001,0.392,,,,,,,,,0.292,0.351,0.601,0.057,,,,,,,0.293,0.913,,,,0.36,0.29,,,,,,,,,,,,,,,,0.958,0.768,0.344,0.978,0.372,0.48,,0.725,0.403,,,,,,,,,0.09,0.372,0.078,0.158,0.074,0.5050001,0.18,0.082,,,,,,,,,,,,,,
1881,0.345,0.178,,0.324,,0.272,0.576,0.29,0.585,0.408,,,,,,,0.292,0.24,0.441,0.402,,,0.251,0.609,,0.663,0.465,,,,,,,,,0.26,0.433,0.949,0.002,,,,,,,0.237,0.913,,,,0.342,0.291,,,,,,,,,,,,,,,,1.029,1.001,0.299,0.973,0.375,0.4,,0.7,0.537,,,,,,,,,0.056,0.453,0.041,0.215,0.102,0.439,0.15,0.11,,,,,,,,,,,,,,
1882,0.407,0.222,,0.153,,0.259,0.523,0.282,0.548,0.691,,,,,,,0.287,0.298,0.216,0.229,,,0.311,0.522,,0.714,0.377,,,,,,,,,0.155,1.139,1.119,0.082,,,,,,,0.334,0.874,,,,0.276,0.36,,,,,,,,,,,,,,,,1.317,1.475,0.219,0.696,0.289,0.27,,0.393,0.429,,,,,,,,,0.063,0.338,0.038,0.24,0.079,0.515,0.175,0.149,,,,,,,,,,,,,,
1883,0.394,0.195,,0.22,,0.267,0.723,0.334,0.526,0.498,,,,,,,0.311,0.37,0.242,0.393,,,0.253,0.461,,0.449,0.361,,,,,,,,,0.184,0.377,0.954,0.098,,,,,,,0.469,0.988,,,,0.445,0.419,,,,,,,,,,,,,,,,1.403,1.109,0.173,0.787,0.259,0.295,0.441,0.471,0.244,,,,,,,,,0.074,0.199,0.068,0.248,0.08000001,0.514,0.216,0.131,,,,,,,,,,,,,,
1884,0.354,0.23,,0.162,,0.263,0.491,0.252,0.433,0.652,0.237,0.289,,,,,0.341,0.353,0.287,0.426,,,0.227,0.372,,0.38,0.388,,,,,,,,,0.148,0.258,0.4,0.043,,,,,,,0.44,1.064,,,,0.373,0.377,,,,,,,,,,,,,,,,0.881,0.581,0.177,0.586,0.219,0.333,0.536,0.321,0.207,,,,,,,,,0.069,0.195,0.06,0.194,0.078,0.516,0.128,0.216,,,,,,,,,,,,,,
1885,0.33,0.19,,0.106,,0.277,0.543,0.345,0.348,0.563,0.325,0.292,,,,,0.324,0.519,0.381,0.427,,,0.161,0.361,,0.286,0.396,,,,,,,,,0.136,0.371,0.357,0.07,,,,,,,0.406,0.93,,,,0.3,0.29,,,,,,,,,,,,,,,,0.752,1.073,0.177,0.555,0.186,0.274,0.548,0.247,0.155,,,,,,,,,0.077,0.2,0.09100001,0.22,0.07,0.553,0.159,0.238,,,,,,,,,,,,,,
1886,0.316,0.243,,0.146,,0.219,0.646,0.375,0.316,0.384,0.295,0.277,,,,,0.34,0.463,0.474,0.476,,,0.076,0.334,,0.374,0.36,,,,,,,,,0.127,0.319,0.319,0.1,,,,,,,0.334,1.198,,,,0.476,0.283,,,,,,,,,,,,,,,,0.756,1.091,0.143,0.506,0.178,0.25,0.415,0.218,0.113,,,,,,,,,0.058,0.156,0.083,0.122,0.076,0.403,0.168,0.138,,,,,,,,,,,,,,
1887,0.225,0.274,,0.104,,0.184,0.55,0.261,0.234,0.736,0.272,0.339,,,,,0.323,0.444,0.636,0.542,,,0.063,0.415,,0.478,0.308,,,,,,,,,0.146,0.25,0.279,0.097,,,,,,,0.352,1.215,,,1.1,0.36,0.346,,,,,,,,,,,,,,,,1.29,1.434,0.111,0.839,0.17,0.151,0.331,0.118,0.113,,,,,,,,,0.164,0.177,0.11,0.191,0.03,0.147,0.101,0.148,,,,,,,,,,,,,,
1888,0.263,0.267,,0.143,,0.12,0.538,0.199,0.229,0.639,0.236,0.236,,,,,0.331,0.515,0.418,0.343,,,0.062,0.466,,0.413,0.267,,,,,,,,,0.1,0.262,0.332,0.054,,,,,,,0.315,0.998,,,1.073,0.324,0.35,,,,,,,,,,,,,,,,1.057,0.89,0.102,0.656,0.143,0.163,0.334,0.222,0.056,,,,,,,,,0.264,0.142,0.046,0.131,0.09,0.203,0.089,0.196,,,,,,,,,,,,,,
1889,0.248,0.178,,0.156,,0.139,0.379,0.151,0.226,0.579,0.286,0.264,,,,,0.322,0.418,0.333,0.208,,,0.065,0.347,,0.318,0.21,,,,,,,,,0.107,0.231,0.272,0.072,,,,,,,0.236,0.728,,,0.846,0.226,0.246,,,,,,,,,,,,,,,,0.647,0.559,0.135,0.449,0.134,0.112,0.256,0.143,0.074,,,,,,,,,0.137,0.125,0.058,0.14,0.052,0.192,0.049,0.212,,,,,,,,,,,,,,
1890,0.215,0.177,,0.092,,0.158,0.495,0.198,0.323,0.6760001,0.366,0.28,,,,,0.353,0.46,0.344,0.267,,,0.094,0.341,,0.298,0.262,,,,,,,,,0.07300001,0.24,0.179,0.062,,,,,,,0.216,0.72,,,0.66,0.21,0.243,,,,,,,,,,,,,,,,0.474,0.485,0.079,0.408,0.14,0.094,0.22,0.134,0.036,,,,,,,,,0.092,0.21,0.07,0.138,0.038,0.157,0.079,0.169,,,,,,,,,,,,,,
1891,0.193,0.165,,0.149,,0.144,0.362,0.165,0.299,0.553,0.308,0.267,,,,,0.339,0.475,0.365,0.321,,,0.14,0.343,3.04,0.287,0.231,,,,,,,,,0.08000001,0.23,0.216,0.06600001,,,,,,,0.198,0.717,,,0.5840001,0.134,0.162,,,,,,,,,,,,,,,,0.381,0.423,0.131,0.372,0.097,0.048,0.217,0.095,0.043,,,,,,,,,0.089,0.184,0.067,0.098,0.06600001,0.233,0.064,0.121,,,,,,,,,,,,,,
1892,0.183,0.182,,0.133,,0.171,0.433,0.16,0.312,0.71,0.254,0.283,0.253,0.271,,,0.424,0.501,0.386,0.227,,,0.126,0.326,1.547,0.302,0.247,,,,,,,,,0.094,0.141,0.171,0.06600001,,,,,,,0.275,0.791,,,0.483,0.194,0.207,,,,,,,,,,,,,,,,0.373,0.349,0.108,0.305,0.086,0.07,0.223,0.088,0.037,,,,,,,,,0.077,0.252,0.134,0.152,0.081,0.161,0.06,0.123,,,,,,,,,,,,,,
1893,0.174,0.116,,0.186,,0.14,0.544,0.198,0.333,0.713,0.304,0.29,0.302,0.314,,,0.46,0.432,0.378,0.262,,,0.115,0.394,1.862,0.383,0.207,,,,,,,,,0.123,0.134,0.116,0.045,,,,,,,0.237,0.739,0.333,0.367,0.552,0.181,0.173,,,,,,,,,,,,,,,,0.316,0.405,0.129,0.383,0.068,0.088,0.187,0.106,0.054,,,,,,,,,0.099,0.302,0.12,0.13,0.042,0.171,0.14,0.096,,,,,,,,,,,,,,
1894,0.136,0.173,,0.239,,0.143,0.388,0.134,0.271,0.622,0.203,0.216,0.2,0.222,,,0.316,0.334,0.229,0.152,,,0.149,0.393,2.111,0.288,0.186,,,,,,,,,0.098,0.097,0.195,0.078,,,,,,,0.266,0.718,0.314,0.271,0.511,0.115,0.165,,,,,,,,,,,,,,,,0.31,0.29,0.154,0.331,0.07,0.076,0.218,0.167,0.129,,,,,,,,,0.141,0.215,0.163,0.107,0.063,0.241,0.103,0.169,,,,,,,,,,,,,,
1895,0.205,0.138,,0.408,,0.158,0.548,0.116,0.261,0.557,0.259,0.354,0.276,0.264,,,0.332,0.377,0.274,0.142,,,0.128,0.29,1.801,0.149,0.239,,,,,,,,,0.45,0.087,0.186,0.072,,,,,,,0.194,0.836,0.324,0.337,0.858,0.118,0.113,,,,,,,,,,,,,,,,0.292,0.246,0.117,0.369,0.09100001,0.115,0.307,0.22,0.128,,,,,,,,,0.118,0.27,0.137,0.092,0.042,0.147,0.039,0.118,,,,,,,,,,,,,,
1896,0.193,0.141,,0.319,,0.125,0.453,0.109,0.259,0.407,0.24,0.273,0.306,0.273,,,0.322,0.342,0.259,0.244,,,0.102,0.234,1.593,0.146,0.17,,,,,,,,,0.356,0.117,0.876,0.087,,,,,,,0.214,0.619,0.383,0.381,0.726,0.141,0.125,,,,,,,,,,,,,,,,0.364,0.293,0.134,0.484,0.086,0.098,0.24,0.161,0.084,,,,,,,,,0.153,0.237,0.123,0.084,0.033,0.175,0.092,0.136,,,,,,,,,,,,,,
1897,0.195,0.12,,0.365,,0.156,0.372,0.09,0.278,0.411,0.246,0.26,0.279,0.272,,,0.3,0.34,0.303,0.206,,,0.094,0.368,2.017,0.125,0.219,,,,,,,,,0.191,0.154,0.279,0.088,,,,,,,0.213,0.592,0.284,0.267,0.523,0.145,0.128,,,,,,,,,,,,,,,,0.304,0.208,0.107,0.318,0.08000001,0.062,0.299,0.357,0.067,,,,,,,,,0.131,0.227,0.105,0.072,0.086,0.154,0.1,0.074,,,,,,,,,,,,,,
1898,0.243,0.117,,0.25,,0.124,0.239,0.112,0.266,0.44,0.249,0.206,0.24,0.209,,,0.359,0.297,0.287,0.387,,,0.145,0.281,1.137,0.125,0.237,,,,,,,,,0.129,0.174,0.262,0.058,,,,,,,0.218,0.514,0.264,0.306,0.439,0.145,0.152,,,,,,,,,,,,,,,,0.325,0.248,0.103,0.392,0.06600001,0.067,0.29,0.32,0.084,,,,,,,,,0.078,0.189,0.13,0.07300001,0.117,0.111,0.111,0.054,,,,,,,,,,,,,,
1899,0.205,0.117,,0.224,,0.107,0.413,0.136,0.305,0.333,0.254,0.199,0.244,0.227,,,0.316,0.223,0.281,0.413,,,0.158,0.274,1.445,0.148,0.207,,,,,,,,,0.118,0.153,0.164,0.097,,,,,,,0.148,0.608,0.286,0.328,0.462,0.128,0.125,,,,,,,,,,,,,,,,0.358,0.231,0.146,0.322,0.06600001,0.079,0.213,0.157,0.101,,,,,,,,,0.057,0.256,0.1,0.069,0.178,0.191,0.125,0.152,,,,,,,,,,,,,,
1900,0.278,0.154,,0.343,,0.175,0.357,0.133,0.222,0.325,0.226,0.231,0.205,0.224,,,0.24,0.239,0.269,0.287,,,0.166,0.264,0.96,0.167,0.245,,,,,,,,,0.287,0.155,0.19,0.12,,,,,,,0.134,0.479,0.437,0.308,0.344,0.137,0.06,,,,,,,,,,,,,,,,0.277,0.199,0.083,0.342,0.051,0.101,0.317,0.137,0.067,,,,,,,,,0.06,0.275,0.082,0.06600001,0.227,0.105,0.109,0.144,,,,,,,,,,,,,,
1901,0.273,0.129,,0.304,,0.087,0.331,0.145,0.244,0.241,0.256,0.162,0.272,0.247,,,0.273,0.294,0.314,0.316,,,0.15,0.218,0.874,0.22,0.148,,,,,,,,,0.194,0.089,0.196,0.088,,,,,,,0.09100001,0.386,0.405,0.349,0.289,0.13,0.169,,,,,,,,,,,,,,,,0.364,0.222,0.121,0.397,0.061,0.098,0.298,0.13,0.106,,,,,,,,,0.064,0.249,0.109,0.107,0.168,0.098,0.114,0.128,,,,,,,,,,,,,,
1902,0.315,0.097,,0.249,,0.071,0.3,0.154,0.257,0.237,0.127,0.12,0.15,0.092,,,0.344,0.28,0.154,0.199,,,0.189,0.305,0.9060001,0.202,0.183,,,,,,,,,0.11,0.096,0.105,0.059,,,,,,,0.113,0.409,0.316,0.214,0.242,0.159,0.224,,,,,,,,,,,,,,,,0.327,0.329,0.116,0.254,0.04,0.11,0.31,0.118,0.128,,,,,,,,,0.074,0.268,0.06,0.117,0.178,0.071,0.118,0.111,,,,,,,,,,,,,,
1903,0.352,0.113,,0.187,,0.098,0.32,0.133,0.248,0.221,0.168,0.232,0.205,0.159,,,0.355,0.202,0.175,0.166,,,0.217,0.222,0.7320001,0.221,0.39,,,,,,,,,0.109,0.086,0.09,0.089,,,,,,,0.185,0.3,0.311,0.189,0.19,0.142,0.206,,,,,,,,,,,,,,,,0.568,0.577,0.146,0.329,0.032,0.152,0.356,0.194,0.113,,,,,,,,,0.077,0.205,0.101,0.088,0.152,0.093,0.124,0.094,,,,,,,,,,,,,,
1904,0.115,0.119,,0.503,0.615,0.115,0.337,0.167,0.288,0.236,0.236,0.246,0.242,0.167,,,0.289,0.182,0.207,0.26,,,0.2,0.175,0.464,0.216,0.232,,,,,,,,,0.088,0.086,0.089,0.083,,,,,,,0.137,0.416,0.246,0.113,0.369,0.07300001,0.16,,,,,,,,,,,,,,,,0.451,0.374,0.184,0.286,0.034,0.179,0.261,0.161,0.086,,,,,,,,,0.068,0.272,0.061,0.072,0.121,0.06600001,0.085,0.097,,,,,,,,,,,,,,
1905,0.177,0.087,,0.577,0.705,0.11,0.371,0.154,0.202,0.197,0.183,0.251,0.202,0.14,,,0.299,0.056,0.18,0.289,,,0.215,0.181,0.611,0.175,0.158,,,,,,,,,0.088,0.068,0.053,0.088,,,,,,,0.065,0.446,0.196,0.182,0.291,0.057,0.137,,,,,,,,,,,,,,,,0.36,0.368,0.171,0.362,0.043,0.117,0.259,0.104,0.09,,,,,,,,,0.081,0.232,0.056,0.069,0.106,0.068,0.053,0.121,,,,,,,,,,,,,,
1906,0.245,0.099,,0.865,0.598,0.11,0.328,0.156,0.176,0.204,0.123,0.157,0.12,0.135,,,0.241,0.116,0.189,0.382,,,0.207,0.178,0.559,0.148,0.175,,,,,,,,,0.067,0.097,0.045,0.07,,,,,,,0.11,0.42,0.172,0.217,0.212,0.086,0.171,,,,,,,,,,,,,,,,0.367,0.32,0.195,0.497,0.021,0.167,0.193,0.176,0.064,,,,,,,,,0.075,0.301,0.08000001,0.033,0.1,0.063,0.059,0.106,,,,,,,,,,,,,,
1907,0.241,0.112,0.702,0.572,0.596,0.094,0.371,0.193,0.207,0.203,0.155,0.209,0.178,0.131,,,0.251,0.148,0.128,0.155,,,0.092,0.176,0.6070001,0.159,0.115,,,,,,,,,0.041,0.079,0.04,0.043,,,,,,,0.092,0.478,0.11,0.119,0.304,0.08000001,0.138,,,,,,,,,,,,,,,,0.378,0.515,0.134,0.356,0.031,0.128,0.166,0.164,0.11,,,,,,,,,0.077,0.285,0.036,0.05,0.086,0.092,0.095,0.106,,,,,,,,,,,,,,
1908,0.204,0.219,0.673,0.94,1.138,0.135,0.326,0.214,0.19,0.221,0.119,0.163,0.116,0.093,,,0.265,0.175,0.136,0.211,,,0.115,0.144,0.684,0.123,0.17,,,,,,,,,0.054,0.072,0.043,0.076,,,,,,,0.071,0.415,0.03,0.062,0.314,0.079,0.088,,,,,,,,,,,,,,,,0.186,0.234,0.189,0.177,0.045,0.135,0.143,0.138,0.077,,,,,,,,,0.09,0.247,0.051,0.049,0.09,0.061,0.055,0.101,,,,,,,,,,,,,,
1909,0.294,0.168,0.737,1.068,0.401,0.11,0.419,0.235,0.224,0.142,0.168,0.211,0.191,0.162,0.328,0.326,0.283,0.248,0.179,0.355,,,0.149,0.083,0.569,0.145,0.122,,,,,,,,,0.045,0.081,0.042,0.052,,,,,,,0.13,0.453,0.049,0.086,0.429,0.09,0.082,,,,,,,,,,,,,,,,0.203,0.265,0.124,0.186,0.098,0.117,0.138,0.203,0.13,,,,,,,,,0.089,0.242,0.101,0.043,0.097,0.102,0.067,0.096,,,,,,,,,,,,,,
1910,0.264,0.161,0.605,0.646,0.287,0.117,0.462,0.292,0.243,0.131,0.195,0.293,0.235,0.156,0.349,0.332,0.361,0.261,0.238,0.416,,,0.217,0.061,0.688,0.133,0.095,,,,,,,,,0.072,0.037,0.059,0.075,,,,,,,0.161,0.476,0.054,0.106,0.541,0.12,0.051,,,,,,,,,,,,,,,,0.146,0.131,0.115,0.163,0.107,0.167,0.162,0.198,0.179,,,,,,,,,0.104,0.224,0.098,0.072,0.097,0.068,0.08000001,0.089,,,,,,,,,,,,,,
1911,0.289,0.167,0.556,0.793,0.235,0.154,0.381,0.265,0.204,0.148,0.205,0.215,0.191,0.175,0.227,0.327,0.3,0.239,0.204,0.617,,,0.145,0.062,0.8850001,0.088,0.117,,,,,,,,,0.115,0.047,0.034,0.106,,1.629,,,,,0.252,0.333,0.045,0.068,0.496,0.07300001,0.03,,,,,,,,,,,,0.16,0.193,,,0.166,0.183,0.205,0.168,0.078,0.165,0.19,0.147,0.136,,,,,,,,,0.095,0.163,0.134,0.043,0.095,0.146,0.1,0.074,,,,,,,,,,,,,,
1912,0.226,0.203,0.673,0.543,0.128,0.145,0.386,0.233,0.217,0.135,0.207,0.22,0.196,0.162,0.39,0.358,0.342,0.226,0.17,0.435,,,0.176,0.047,0.925,0.089,0.156,,,,,,,,,0.111,0.036,0.046,0.103,,1.64,,,,,0.291,0.438,0.039,0.09,0.471,0.058,0.04,,,,,,,,,,,,0.083,0.059,,,0.137,0.169,0.187,0.176,0.06600001,0.148,0.361,0.18,0.143,,,,,,,,,0.115,0.143,0.06,0.051,0.129,0.128,0.093,0.095,,,,,,,,,,,,,,
1913,0.23,0.26,0.642,0.619,0.127,0.15,0.41,0.214,0.266,0.099,0.164,0.169,0.162,0.144,0.261,0.338,0.316,0.172,0.178,0.409,,,0.128,0.037,0.878,0.055,0.169,,,,,,,,,0.138,0.033,0.051,0.111,1.378,4.056,,,,,0.33,0.335,0.04,0.075,0.305,0.08000001,0.03,,,,,,,,,,,,0.087,0.1,,,0.21,0.178,0.158,0.176,0.062,0.182,0.238,0.187,0.107,,,,,,,,,0.138,0.134,0.031,0.042,0.115,0.123,0.119,0.122,,,,,,,,,,,,,,
1914,0.235,0.209,0.513,0.583,0.153,0.145,0.403,0.203,0.224,0.139,0.142,0.172,0.141,0.106,0.155,0.329,0.228,0.162,0.198,0.44,,,0.082,0.054,0.674,0.074,0.161,,,,,,,,,0.126,0.037,0.037,0.12,1.225,3.231,,,,,0.365,0.27,0.055,0.094,0.28,0.047,0.048,,,,,,,,,,,,0.113,0.062,,,0.303,0.28,0.167,0.187,0.037,0.15,0.174,0.114,0.07300001,,,,,,,,,0.081,0.135,0.055,0.055,0.147,0.144,0.084,0.106,,,,,,,,,,,,,,
1915,0.267,0.176,0.8430001,0.568,0.15,0.112,0.342,0.158,0.188,0.116,0.134,0.168,0.158,0.127,0.342,0.446,0.366,0.257,0.14,0.337,0.319,0.28,0.097,0.055,0.577,0.061,0.118,,,,,,,,,0.199,0.163,0.052,0.085,1,1.592,,,,,0.302,0.227,0.053,0.089,0.3,0.112,0.051,,,,,,,,,,,,0.115,0.118,,,0.255,0.273,0.128,0.21,0.043,0.098,0.084,0.088,0.133,,,,,,,,,0.113,0.087,0.054,0.057,0.114,0.086,0.077,0.134,,,,,,,,,,,,,,
1916,0.293,0.255,0.746,0.352,0.181,0.077,0.396,0.205,0.362,0.146,0.149,0.121,0.136,0.144,0.382,0.413,0.404,0.21,0.148,0.363,0.27,0.355,0.098,0.077,0.555,0.065,0.136,,,,,,,,,0.202,0.08000001,0.075,0.134,0.994,1.219,,,,,0.273,0.262,0.08000001,0.117,0.345,0.15,0.079,,,,,,,,,,,,0.125,0.128,,,0.214,0.136,0.162,0.23,0.061,0.113,0.126,0.135,0.109,,,,,,,,,0.072,0.057,0.04,0.037,0.18,0.099,0.194,0.084,,,,,,,,,,,,,,
1917,0.289,0.301,1.01,0.714,0.135,0.067,0.56,0.237,0.395,0.252,0.17,0.172,0.187,0.196,0.268,0.357,0.308,0.235,0.176,0.493,0.446,0.427,0.081,0.094,0.503,0.07300001,0.119,,,,,,,,,0.216,0.065,0.111,0.165,0.938,1.053,,,,,0.247,0.241,0.05,0.086,0.324,0.128,0.064,,,,,,,,,,,,0.125,0.12,,,0.22,0.191,0.201,0.234,0.054,0.09100001,0.11,0.106,0.083,,,,,,,,,0.122,0.045,0.127,0.062,0.173,0.102,0.138,0.05,,,,,,,,,,,,,,
1918,0.325,0.365,0.706,0.351,0.126,0.048,0.621,0.187,0.419,0.214,0.208,0.187,0.178,0.246,0.493,0.347,0.306,0.26,0.158,0.539,0.501,0.5280001,0.095,0.054,0.42,0.045,0.156,,,,,,,,,0.197,0.187,0.128,0.201,0.563,0.62,,,,,0.243,0.321,0.048,0.069,0.454,0.084,0.054,,,,,,,,,,,,0.135,0.135,,,0.246,0.2,0.238,0.405,0.087,0.109,0.164,0.121,0.094,,,,,,,,,0.099,0.048,0.064,0.138,0.144,0.072,0.077,0.049,,,,,,,,,,,,,,
1919,0.35,0.323,0.708,0.282,0.115,0.057,0.415,0.199,0.354,0.313,0.233,0.142,0.16,0.177,0.411,0.448,0.315,0.221,0.187,0.381,0.39,0.667,0.056,0.07300001,0.36,0.069,0.205,,,,,,,,,0.172,0.089,0.058,0.183,0.796,1.03,,,,,0.237,0.331,0.041,0.061,0.48,0.096,0.038,,,,,,,,,,,,0.12,0.104,,,0.275,0.168,0.24,0.369,0.09,0.089,0.146,0.193,0.168,,,,,,,,,0.1,0.044,0.046,0.057,0.145,0.128,0.053,0.09,,,,,,,,,,,,,,
1920,0.365,0.332,0.509,0.206,0.131,0.038,0.365,0.218,0.372,0.218,0.338,0.224,0.297,0.237,0.336,0.399,0.3,0.172,0.176,0.456,0.525,0.415,0.068,0.082,0.429,0.05,0.197,,,,,,,,,0.084,0.099,0.051,0.116,0.861,1.197,,,,,0.273,0.29,0.044,0.054,0.366,0.054,0.056,,,,,,,,,,,,0.2,0.114,,,0.253,0.183,0.207,0.36,0.086,0.111,0.18,0.157,0.187,,,,,,,,,0.1,0.054,0.032,0.031,0.179,0.09,0.067,0.09,,,,,,,,,,,,,,
1921,0.239,0.334,0.114,0.237,0.165,0.06600001,0.459,0.293,0.382,0.179,0.31,0.273,0.273,0.269,0.314,0.332,0.25,0.314,0.277,0.432,0.474,0.597,0.044,0.106,0.297,0.086,0.236,,,,,,,,,0.186,0.07,0.08000001,0.137,0.731,0.8470001,,,,,0.159,0.325,0.096,0.08000001,0.405,0.096,0.107,,,,,,,,,,,,0.157,0.219,0.468,0.454,0.217,0.133,0.348,0.286,0.145,0.156,0.418,0.28,0.142,,,,,,,,,0.107,0.052,0.036,0.054,0.146,0.052,0.053,0.085,,,,,,,,,,,,,,
1922,0.229,0.199,0.075,0.183,0.177,0.034,0.367,0.252,0.315,0.17,0.315,0.18,0.232,0.212,0.191,0.272,0.192,0.286,0.189,0.398,0.39,0.508,0.051,0.059,0.278,0.06600001,0.098,,,,,,,,,0.175,0.087,0.104,0.209,0.874,0.95,,,,,0.181,0.362,0.098,0.041,0.362,0.057,0.095,,,,,,,,,,,,0.181,0.181,0.367,0.43,0.373,0.214,0.244,0.503,0.133,0.156,0.415,0.216,0.158,,,,,,,,,0.106,0.047,0.042,0.037,0.143,0.07,0.078,0.061,,,,,,,,,,,,,,
1923,0.243,0.318,0.077,0.144,0.157,0.083,0.588,0.355,0.27,0.202,0.368,0.208,0.226,0.181,0.288,0.324,0.231,0.249,0.211,0.651,0.55,0.799,0.037,0.089,0.098,0.057,0.144,,,,,,,,,0.23,0.065,0.223,0.162,1.28,0.96,,,,,0.141,0.464,0.098,0.064,0.424,0.07,0.07300001,,,,,,,,,,,,0.279,0.263,0.404,0.391,0.251,0.157,0.299,0.405,0.131,0.164,0.441,0.178,0.178,,,,,,,,,0.098,0.064,0.064,0.059,0.089,0.077,0.062,0.057,,,,,,,,,,,,,,
1924,0.218,0.32,0.052,0.099,0.146,0.06,0.51,0.326,0.31,0.154,0.482,0.278,0.294,0.222,0.362,0.301,0.271,0.362,0.235,0.695,0.665,0.692,0.029,0.09,0.107,0.082,0.15,,,,,,,,,0.191,0.095,0.24,0.165,1.295,0.504,,,,,0.155,0.439,0.082,0.046,0.365,0.039,0.077,,,,,,,,,,,,0.292,0.257,0.429,0.371,0.375,0.235,0.328,0.423,0.129,0.246,0.438,0.245,0.198,,,,,,,,,0.109,0.061,0.05,0.047,0.069,0.089,0.072,0.088,,,,,,,,,,,,,,
1925,0.202,0.221,0.054,0.172,0.136,0.083,0.504,0.361,0.318,0.22,0.472,0.298,0.351,0.232,0.413,0.348,0.295,0.39,0.219,0.632,0.593,0.573,0.037,0.08000001,0.088,0.048,0.127,,,,,,,,,0.168,0.07,0.151,0.186,1.158,1.264,,,,,0.127,0.497,0.104,0.07,0.409,0.045,0.099,,,,,,,,,,,,0.311,0.219,0.346,0.442,0.4,0.292,0.298,0.365,0.135,0.265,0.39,0.212,0.207,,,,,,,,,0.164,0.043,0.06600001,0.06600001,0.067,0.069,0.086,0.065,,,,,,,,,,,,,,
1926,0.166,0.306,0.075,0.16,0.101,0.059,0.537,0.358,0.329,0.251,0.386,0.28,0.293,0.276,0.396,0.351,0.296,0.375,0.168,0.799,0.758,0.45,0.04,0.108,0.09100001,0.059,0.138,,,,,,,,,0.202,0.082,0.135,0.146,1.233,0.809,,,,,0.125,0.452,0.171,0.048,0.446,0.048,0.09,,,,,,,,,,,,0.462,0.352,0.445,0.532,0.387,0.278,0.364,0.377,0.168,0.215,0.495,0.261,0.205,,,,,2.449,,,,0.151,0.065,0.11,0.065,0.057,0.072,0.106,0.054,,,,,,,,,,,,,,
1927,0.311,0.234,0.123,0.147,0.2,0.108,0.476,0.452,0.355,0.251,0.322,0.237,0.248,0.298,0.464,0.414,0.441,0.215,0.152,0.758,0.872,0.422,0.043,0.103,0.063,0.078,0.127,,,,,,,,,0.129,0.117,0.148,0.164,1.066,0.851,,,,,0.154,0.44,0.131,0.108,0.466,0.08000001,0.104,,,,,,,,,,,,0.5510001,0.414,0.485,0.608,0.367,0.276,0.429,0.348,0.153,0.222,0.429,0.255,0.249,,,,,1.676,,,,0.108,0.056,0.088,0.044,0.061,0.107,0.118,0.058,,,,,,,,,,,,,,
1928,0.345,0.266,0.14,0.154,0.107,0.098,0.583,0.515,0.36,0.267,0.253,0.205,0.133,0.297,0.48,0.385,0.363,0.168,0.182,0.873,0.862,0.403,0.062,0.107,0.067,0.09100001,0.139,,,,,,,,,0.14,0.111,0.145,0.161,1.064,0.91,,,,,0.156,0.472,0.107,0.094,0.461,0.062,0.111,,,,,,,,,,,,0.58,0.388,0.427,0.544,0.392,0.291,0.452,0.345,0.145,0.212,0.354,0.27,0.244,,,,,1.945,,,,0.108,0.037,0.131,0.062,0.07300001,0.095,0.062,0.081,,,,,,,,,,,,,,
1929,0.256,0.264,0.174,0.162,0.115,0.096,0.595,0.506,0.448,0.24,0.242,0.224,0.186,0.281,0.531,0.414,0.488,0.232,0.134,1.104,0.97,0.391,0.075,0.147,0.108,0.113,0.146,,,,,,,,,0.179,0.145,0.183,0.115,0.62,1.239,,,,,0.225,0.598,0.105,0.104,0.397,0.06,0.082,,,,,,,,,,,,0.701,0.509,0.465,0.69,0.393,0.327,0.443,0.358,0.132,0.211,0.391,0.303,0.268,,,,,1.686,,,,0.166,0.057,0.223,0.06600001,0.031,0.182,0.089,0.063,,,,,,,,,,,,,,
1930,0.176,0.282,0.193,0.139,0.076,0.103,0.639,0.523,0.556,0.241,0.265,0.205,0.182,0.284,0.555,0.486,0.533,0.225,0.163,1.036,1.016,0.558,0.065,0.135,0.065,0.1,0.22,,,,,,,,,0.273,0.08000001,0.138,0.129,0.55,1.164,,,,,0.257,0.768,0.104,0.09100001,0.591,0.077,0.095,,,,,,,,,,,,0.769,0.659,0.631,0.879,0.369,0.297,0.521,0.39,0.134,0.283,0.525,0.376,0.211,,,,,1.56,,,,0.12,0.053,0.107,0.07,0.067,0.208,0.094,0.069,,,,,,,,,,,,,,
1931,0.2,0.194,0.184,0.128,0.077,0.077,0.513,0.314,0.371,0.283,0.191,0.214,0.161,0.139,0.412,0.417,0.383,0.206,0.113,1.005,0.747,0.42,0.071,0.184,0.08000001,0.092,0.152,,,,,,,,,0.313,0.06,0.067,0.15,0.689,1.001,,,,,0.299,0.744,0.095,0.106,0.475,0.07300001,0.053,,,,,,,,,,,,0.774,0.697,0.61,0.8930001,0.484,0.364,0.543,0.465,0.117,0.216,0.426,0.245,0.232,,,,,1.303,,,,0.102,0.05,0.122,0.055,0.039,0.343,0.029,0.058,,,,,,,,,,,,,,
1932,0.138,0.243,0.261,0.155,0.099,0.133,0.6530001,0.44,0.459,0.318,0.347,0.242,0.198,0.236,0.578,0.553,0.66,0.168,0.154,0.974,0.816,0.699,0.081,0.274,0.07,0.168,0.179,,,,,,,,,0.17,0.085,0.056,0.175,0.662,0.868,,,,,0.314,0.83,0.103,0.13,0.48,0.07300001,0.094,,,,,,,,,,,,1.268,0.8600001,0.849,1.066,0.472,0.364,0.64,0.367,0.125,0.277,0.535,0.294,0.294,,,,,0.948,,,,0.118,0.059,0.07300001,0.051,0.039,0.388,0.023,0.096,,,,,,,,,,,,,,
1933,0.068,0.227,0.158,0.136,0.101,0.154,0.708,0.379,0.484,0.363,0.448,0.21,0.269,0.228,0.504,0.538,0.543,0.19,0.188,0.914,0.873,0.936,0.067,0.533,0.076,0.14,0.131,,,,,,,,,0.212,0.209,0.127,0.303,0.704,1.001,,,,,0.321,0.858,0.097,0.114,0.535,0.063,0.075,,,,,,,,,,,,1.558,0.973,0.9060001,1.248,0.363,0.464,0.56,0.494,0.101,0.229,0.429,0.222,0.225,,,,,1.103,,,,0.098,0.026,0.068,0.042,0.028,0.516,0.037,0.122,,,,,,,,,,,,,,
1934,0.11,0.281,0.308,0.153,0.077,0.138,0.7320001,0.406,0.499,0.356,0.46,0.334,0.341,0.277,0.558,0.649,0.602,0.177,0.27,1.065,0.8520001,0.964,0.098,0.583,0.087,0.128,0.256,,,,,,,,,0.311,0.193,0.186,0.344,0.837,1.364,,,,,0.348,0.998,0.146,0.155,0.54,0.12,0.119,,,,,,,,,,,,1.379,1.224,1.152,1.278,0.434,0.404,0.6300001,0.512,0.087,0.204,0.45,0.204,0.264,,,,,0.882,2.857,,,0.097,0.035,0.103,0.062,0.035,0.643,0.085,0.07,,,,,,,,,,,,,,
1935,0.21,0.255,0.455,0.257,0.09,0.14,0.738,0.5,0.5840001,0.37,0.525,0.36,0.361,0.315,0.7090001,0.836,0.82,0.163,0.282,1.196,1.021,1.118,0.126,0.685,0.08000001,0.211,0.231,,,,,,,,,0.55,0.333,0.227,0.359,0.835,0.971,,,,,0.353,0.907,0.153,0.128,0.54,0.141,0.117,,,,,,,,,,,,1.539,1.154,1.214,1.191,0.472,0.349,0.692,0.44,0.156,0.237,0.555,0.172,0.414,,,,,0.997,1.572,,,0.114,0.071,0.048,0.079,0.038,0.604,0.071,0.083,,,,,,,,,,,,,,
1936,0.188,0.224,0.331,0.246,0.035,0.166,0.892,0.506,0.601,0.418,0.51,0.266,0.304,0.294,0.669,0.628,0.757,0.131,0.236,1.207,1.067,0.792,0.08000001,0.456,0.122,0.202,0.188,,,,,,,,,0.304,0.251,0.222,0.394,0.65,0.892,,,,,0.33,0.842,0.172,0.125,0.6070001,0.129,0.114,,,,,,,,,,,,1.744,1.183,1.281,1.177,0.456,0.37,0.632,0.51,0.165,0.319,0.364,0.194,0.221,,,,,0.973,1.407,,,0.104,0.024,0.07300001,0.131,0.036,0.426,0.072,0.172,,,,,,,,,,,,,,
1937,0.149,0.201,0.303,0.193,0.064,0.173,0.61,0.377,0.447,0.578,0.468,0.214,0.257,0.314,0.616,0.519,0.662,0.212,0.21,1.161,0.828,0.599,0.087,0.395,0.141,0.203,0.197,,,,,,,,,0.256,0.19,0.234,0.283,1.13,1.383,,,,,0.473,0.6300001,0.185,0.125,0.468,0.088,0.161,,,,,,,,,,,,1.864,1.155,1.534,1.112,0.432,0.664,0.533,0.508,0.123,0.199,0.316,0.147,0.259,,,,,0.681,1.295,,,0.12,0.024,0.07300001,0.13,0.047,0.613,0.04,0.116,,,,,,,,,,,,,,
1938,0.262,0.25,0.253,0.175,0.06,0.177,0.854,0.594,0.9220001,0.398,0.67,0.262,0.246,0.372,0.536,0.786,0.8890001,0.197,0.24,1.114,1.004,0.55,0.075,0.394,0.124,0.238,0.287,,,,,,,,,0.285,0.14,0.319,0.247,1.067,1.416,,,,,0.443,0.727,0.174,0.131,0.457,0.111,0.195,,,,,,,,,,,,1.737,1.291,1.744,1.181,0.343,0.661,0.692,0.465,0.193,0.25,0.316,0.242,0.207,,,,,0.33,1.288,,,0.058,0.033,0.069,0.224,0.062,0.463,0.078,0.06,,,,,,,,,,,,,,
1939,0.214,0.193,0.19,0.101,0.078,0.138,0.466,0.373,0.566,0.497,0.394,0.18,0.176,0.251,0.526,0.752,0.667,0.269,0.206,0.892,0.677,0.467,0.079,0.356,0.128,0.191,0.266,,,,,,,,,0.545,0.213,0.395,0.22,0.729,1.364,,,,,0.341,0.642,0.189,0.096,0.402,0.09,0.194,,,,,,,,,,,,1.607,1.053,1.409,0.8470001,0.423,0.583,0.536,0.53,0.139,0.168,0.38,0.166,0.245,,,,,0.074,1.026,,,0.069,0.035,0.042,0.21,0.048,0.506,0.087,0.088,,,,,,,,,,,,,,
1940,0.288,0.271,0.183,0.171,0.09,0.136,0.332,0.262,0.49,0.384,0.458,0.249,0.209,0.418,0.6,0.757,0.645,0.36,0.297,1.005,0.731,0.6300001,0.111,0.411,0.174,0.247,0.264,,,,,,,,,0.844,0.365,0.603,0.207,0.982,1.127,,,,,0.461,0.613,0.226,0.106,0.357,0.081,0.162,,,,,,,,,,,,1.844,1.121,1.646,1.256,0.325,0.435,0.382,0.412,0.12,0.176,0.322,0.147,0.196,,,,,0.071,0.831,,,0.081,0.032,0.055,0.329,0.071,0.5,0.154,0.084,,,,,,,,,,,,,,
1941,0.181,0.182,0.22,0.189,0.186,0.146,0.263,0.209,0.463,0.434,0.357,0.307,0.301,0.468,0.465,0.942,0.767,0.312,0.234,0.521,0.484,0.478,0.178,0.5510001,0.191,0.279,0.225,,,,,,,,,0.467,0.424,0.401,0.314,0.8600001,1.162,,,,,0.411,0.77,0.174,0.122,0.461,0.084,0.162,,,,,,,,,,,,1.27,0.967,1.313,1.061,0.347,0.411,0.375,0.344,0.138,0.147,0.247,0.136,0.239,,,,,0.09100001,1.225,,,0.086,0.034,0.031,0.278,0.104,0.418,0.134,0.119,,,,,,,,,,,,,,
1942,0.219,0.233,0.258,0.187,0.208,0.163,0.378,0.37,0.494,0.533,0.292,0.344,0.225,0.41,0.393,0.74,0.472,0.32,0.288,0.701,0.59,0.578,0.211,0.552,0.156,0.329,0.196,,,,,,,,,0.605,0.804,0.476,0.352,1.079,1.433,,1.837,,,0.386,0.632,0.102,0.058,0.446,0.041,0.099,,,,,,,,,,,,0.855,0.647,0.894,0.772,0.256,0.457,0.286,0.353,0.15,0.14,0.246,0.145,0.227,,,,,0.094,0.703,,,0.109,0.045,0.071,0.212,0.097,0.422,0.202,0.118,,,,,,,,,,,,,,
1943,0.281,0.316,0.303,0.189,0.164,0.226,0.472,0.455,0.569,0.498,0.394,0.392,0.318,0.596,0.428,0.8560001,0.598,0.443,0.335,0.8930001,0.655,0.785,0.25,0.65,0.283,0.349,0.19,,,,,,,,,0.745,0.9850001,0.987,0.482,1.287,1.441,0.646,0.699,,,0.346,0.671,0.103,0.05,0.451,0.037,0.079,,,,,,,,,,,,1.186,0.966,1.325,1.097,0.275,0.4,0.289,0.321,0.132,0.148,0.301,0.151,0.262,,,,,0.069,0.746,,,0.118,0.044,0.046,0.09100001,0.054,0.512,0.284,0.148,,,,,,,,,,,,,,
1944,0.299,0.305,0.27,0.228,0.172,0.185,0.547,0.593,0.706,0.386,0.494,0.436,0.344,0.958,0.393,1.196,0.685,0.346,0.458,0.693,0.6070001,0.844,0.251,0.799,0.343,0.353,0.262,,,,,,,,,1.284,1.373,1.099,0.764,0.99,1.156,0.738,0.351,,,0.311,0.588,0.08000001,0.055,0.512,0.04,0.085,,,,,,,,,,,,1.052,0.945,1.286,0.983,0.291,0.411,0.226,0.367,0.25,0.204,0.243,0.209,0.205,,,,,0.076,0.591,,,0.108,0.031,0.053,0.054,0.052,0.32,0.185,0.122,,,,,,,,,,,,,,
1945,0.248,0.201,0.28,0.19,0.172,0.151,0.529,0.469,0.609,0.503,0.363,0.353,0.283,0.666,0.406,0.829,0.556,0.354,0.383,0.594,0.543,0.596,0.172,1,0.381,0.297,0.205,,,,,,,,,0.72,0.501,1.122,0.657,1.103,1.542,0.45,0.201,,,0.289,0.527,0.081,0.058,0.449,0.041,0.059,,,,,,,,,,,,0.791,0.625,0.829,0.836,0.418,0.38,0.242,0.385,0.127,0.175,0.155,0.169,0.213,,,,,0.076,0.379,,,0.134,0.038,0.035,0.06,0.081,0.371,0.156,0.159,,,,,,,,,,,,,,
1946,0.285,0.214,0.685,0.29,0.216,0.213,0.854,0.677,1.01,0.386,0.357,0.54,0.338,0.739,0.454,0.867,0.992,0.411,0.591,0.594,0.705,0.821,0.173,1.393,0.355,0.305,0.257,,,,,,,,,0.98,0.905,1.482,0.421,0.91,1.002,0.322,0.334,,,0.283,0.43,0.06,0.053,0.412,0.043,0.05,,,,,,,,,,,,0.729,0.519,0.833,0.775,0.294,0.317,0.203,0.259,0.137,0.138,0.405,0.131,0.149,,,,,0.07300001,0.183,0.238,0.747,0.17,0.029,0.024,0.161,0.196,0.113,0.169,0.153,,,,,,,,,,,,,,
1947,0.141,0.16,0.781,0.248,0.176,0.136,0.32,0.366,0.517,0.422,0.242,0.456,0.248,0.472,0.402,0.683,0.85,0.344,0.461,0.485,0.476,0.61,0.103,1.459,0.291,0.223,0.119,,,,,,,,,0.511,0.495,0.516,0.358,0.927,1.302,0.683,0.222,2.067,,0.424,0.291,0.045,0.052,0.297,0.025,0.049,,,,0.294,0.302,,,,,,,0.282,0.104,0.564,0.396,0.347,0.31,0.178,0.269,0.087,0.086,0.325,0.09100001,0.314,,,,,0.065,0.07,0.23,0.372,0.174,0.021,0.031,0.078,0.138,0.159,0.137,0.149,,,,,,,,,,,,,,
1948,0.316,0.146,0.887,0.545,0.243,0.24,0.437,0.568,0.798,0.402,0.388,0.5,0.303,0.604,0.449,1.029,1.012,0.377,0.631,0.621,0.574,0.7780001,0.158,1.71,0.373,0.352,0.249,,,,,,,,,0.567,0.555,0.519,0.13,0.9310001,0.894,0.35,0.187,1.038,,0.456,0.353,0.096,0.118,0.378,0.077,0.036,,,,0.323,0.251,,,,,,,0.353,0.149,0.469,0.409,0.279,0.196,0.2,0.262,0.124,0.178,0.326,0.163,0.136,,,,,0.063,0.146,0.283,0.163,0.257,0.023,0.053,0.087,0.09100001,0.06,0.17,0.09,,,,,,,,,,,,,,
1949,0.154,0.118,0.651,0.369,0.198,0.159,0.37,0.59,0.792,0.394,0.476,0.625,0.392,0.715,0.349,0.848,0.83,0.51,0.626,0.624,0.494,0.742,0.094,1.103,0.297,0.258,0.108,,,,,,,,,0.519,0.433,0.457,0.288,1.05,1.104,0.424,0.235,1.042,,0.537,0.412,0.094,0.128,0.369,0.089,0.06,,,,0.413,0.386,,,,,,,0.37,0.42,0.465,0.55,0.355,0.218,0.123,0.255,0.131,0.123,0.222,0.114,0.122,,,,,0.051,0.263,0.337,0.183,0.177,0.051,0.084,0.089,0.106,0.105,0.148,0.167,,,,,,,,,,,,,,
1950,0.268,0.125,0.518,0.542,0.191,0.14,0.535,0.7090001,0.8520001,0.371,0.632,0.8060001,0.525,0.846,0.54,0.912,1.003,0.493,0.795,0.627,0.603,1.009,0.199,1.515,0.536,0.396,0.136,,,,,,,,,0.652,0.504,0.774,0.433,0.857,0.894,0.514,0.247,1.676,,0.492,0.428,0.12,0.165,0.309,0.098,0.097,,,,0.409,0.337,,,,,,,0.277,0.176,0.449,0.5280001,0.258,0.207,0.143,0.17,0.119,0.082,0.292,0.111,0.115,,,,,0.141,0.243,0.53,0.269,0.357,0.07,0.047,0.104,0.088,0.058,0.136,0.097,,,,,,,,,,,,,,
1951,0.264,0.109,0.492,0.75,0.246,0.16,0.428,0.628,0.749,0.377,0.579,0.53,0.479,0.679,0.566,0.916,1.101,0.665,0.7,0.67,0.744,0.998,0.22,1.238,0.497,0.336,0.131,,,,,,,,,0.435,0.488,0.641,0.253,0.707,1.024,0.407,0.406,1.32,,0.4,0.492,0.168,0.18,0.368,0.148,0.15,,,,0.352,0.303,,,,,,,0.393,0.15,0.458,0.475,0.265,0.193,0.167,0.186,0.112,0.088,0.319,0.085,0.137,,,,,0.328,0.24,0.617,0.304,0.293,0.111,0.043,0.09100001,0.038,0.1,0.125,0.116,,,,,,,,,,,,,,
1952,0.305,0.167,0.317,0.56,0.249,0.209,0.327,0.478,0.583,0.355,0.45,0.485,0.462,0.627,0.464,0.677,0.763,0.533,0.52,0.725,0.694,0.933,0.235,0.9850001,0.468,0.254,0.151,,,,,,,,,0.393,0.368,0.624,0.174,0.839,1.269,0.8270001,0.716,0.705,,0.393,0.471,0.192,0.212,0.309,0.198,0.169,0.386,0.313,,0.316,0.215,0.33,0.296,,,,,0.307,0.135,0.394,0.38,0.288,0.15,0.213,0.16,0.133,0.129,0.39,0.117,0.143,,,,,0.39,0.243,0.602,0.309,0.114,0.112,0.038,0.15,0.047,0.067,0.185,0.084,,,,,,,,,,,,,,
1953,0.456,0.161,0.418,0.379,0.193,0.181,0.383,0.498,0.742,0.446,0.436,0.563,0.517,0.775,0.571,0.757,0.753,0.5840001,0.568,0.846,0.857,0.848,0.24,1.007,0.354,0.236,0.219,,,,,,,,,0.261,0.301,0.392,0.171,1.5,1.344,1.567,0.697,0.188,,0.588,0.536,0.19,0.281,0.312,0.22,0.193,0.554,0.417,,0.373,0.207,0.251,0.229,,,,,0.639,0.384,0.609,0.6070001,0.253,0.257,0.236,0.239,0.135,0.172,0.474,0.093,0.194,,,,,0.842,0.328,0.745,0.442,0.15,0.12,0.089,0.063,0.034,0.103,0.122,0.119,,,,,,,,,,,,,,
1954,0.573,0.178,0.438,0.401,0.156,0.217,0.309,0.672,1.015,0.246,0.664,0.733,0.577,0.941,0.623,0.876,0.987,0.478,0.666,0.848,1.236,1.095,0.24,1.117,0.297,0.232,0.246,,,,,,,,,0.246,0.35,0.371,0.119,1.589,1.484,0.884,0.523,0.143,,0.611,0.7,0.28,0.329,0.357,0.225,0.231,0.482,0.408,,0.316,0.223,0.27,0.258,,,,,0.857,0.749,0.587,0.8100001,0.243,0.274,0.259,0.223,0.125,0.155,0.48,0.106,0.237,,,2.141,,1.065,0.32,0.687,0.868,0.137,0.138,0.074,0.038,0.044,0.08000001,0.109,0.163,,,,,,,,,,,,,,
1955,0.293,0.207,0.514,0.382,0.242,0.183,0.37,0.611,0.854,0.27,0.697,0.521,0.465,0.6530001,0.529,0.785,0.897,0.638,0.749,1.172,1.379,1.147,0.249,1.473,0.355,0.31,0.312,,,,,,,,,0.459,0.662,0.549,0.192,1.157,1.73,1.453,0.536,0.173,,0.588,0.533,0.32,0.292,0.293,0.219,0.341,0.631,0.509,,1.125,0.574,0.559,0.5840001,1.182,1.046,,0.609,0.998,1.08,0.865,0.863,0.271,0.311,0.222,0.267,0.14,0.141,0.435,0.104,0.228,,,2.061,2.01,1.319,0.329,0.9350001,0.767,0.092,0.102,0.067,0.051,0.097,0.259,0.049,0.093,1.239,0.669,,,,,,,,,,,,
1956,0.339,0.287,0.542,0.409,0.182,0.158,0.578,0.74,1.356,0.38,1.06,0.805,0.64,0.912,0.648,0.796,1.037,0.637,0.921,1.486,1.624,1.2,0.216,1.027,0.249,0.38,0.231,,,,,,,,,0.602,0.702,0.615,0.35,1.144,1.893,1.41,0.335,0.07300001,,0.542,0.672,0.426,0.476,0.463,0.342,0.358,0.804,0.541,,0.683,1.066,1.234,1.072,0.498,0.644,0.547,0.456,1.121,0.9220001,1.139,0.869,0.243,0.212,0.25,0.208,0.162,0.159,0.577,0.131,0.317,,,2.254,1.989,1.475,0.342,0.966,0.9770001,0.152,0.106,0.05,0.078,0.078,0.321,0.057,0.176,1.359,0.973,,,,,,,,,,,,
1957,0.37,0.297,0.588,0.37,0.16,0.131,0.612,0.642,1.317,0.429,0.851,0.747,0.56,1.001,0.606,0.875,0.858,0.555,0.934,1.589,1.792,1.12,0.237,1.018,0.36,0.383,0.246,,,,,,,,,0.621,0.66,0.89,0.288,1.034,1.666,1.499,0.318,0.115,,0.463,0.787,0.321,0.321,0.612,0.319,0.294,0.757,0.646,,0.672,1.433,1.333,1.893,0.426,0.524,0.508,0.373,1.283,1.161,1.406,1.202,0.185,0.215,0.382,0.23,0.195,0.296,0.68,0.173,0.238,,,1.713,1.366,1.213,0.543,1.007,1.282,0.087,0.1,0.043,0.092,0.047,0.854,0.048,0.127,1.365,0.512,,,,,0.328,0.375,,,,,,
1958,0.276,0.186,0.623,0.35,0.175,0.142,0.446,0.586,1.096,0.478,0.706,0.743,0.524,0.974,0.79,0.773,0.835,0.478,0.702,1.391,1.286,0.994,0.19,0.816,0.412,0.2,0.172,,,,,,,,,0.49,0.507,0.775,0.283,1.111,1.98,0.93,0.134,0.086,,0.488,0.763,0.269,0.194,0.586,0.241,0.21,0.695,0.523,1.169,0.474,0.899,0.661,1.357,0.31,0.311,0.434,0.334,1.086,0.969,1.141,1.117,0.226,0.276,0.233,0.249,0.145,0.236,0.704,0.156,0.257,,,1.865,1.293,1.047,0.467,0.884,1.203,0.1,0.082,0.027,0.097,0.107,0.701,0.031,0.074,1.006,0.381,,,,,0.346,0.365,,,,,,
1959,0.313,0.225,0.58,0.425,0.194,0.209,0.648,0.696,1.627,0.327,0.799,0.864,0.698,1.297,0.995,0.768,0.84,0.496,0.9310001,1.535,1.78,1.125,0.218,0.955,0.555,0.362,0.281,,,,,,,,,0.435,0.348,0.635,0.281,0.631,1.006,0.942,0.106,0.151,,0.477,0.731,0.296,0.154,0.708,0.214,0.166,0.8430001,0.611,1.194,0.329,1.143,0.619,1.39,0.33,0.389,0.404,0.347,1.532,1.109,1.402,1.337,0.15,0.28,0.306,0.157,0.174,0.361,0.9220001,0.116,0.25,,,1.298,1.004,1.059,0.433,1.052,1.072,0.068,0.116,0.024,0.114,0.081,0.803,0.03,0.104,0.72,0.316,,,,,0.413,0.362,,,,,,
1960,0.27,0.155,0.543,0.33,0.106,0.158,0.486,0.346,1.045,0.418,0.659,0.588,0.5510001,1.04,0.79,0.521,0.781,0.393,0.597,1.288,1.173,0.92,0.115,0.684,0.456,0.189,0.162,,,,,,,,,0.238,0.255,0.443,0.151,0.656,1.206,0.791,0.134,0.196,,0.451,0.614,0.242,0.145,0.526,0.193,0.224,0.894,0.445,1.42,0.181,0.52,0.325,0.701,0.741,0.346,0.8140001,0.306,1.103,0.554,0.993,0.9810001,0.205,0.312,0.251,0.211,0.178,0.296,0.691,0.11,0.246,,,1.174,0.907,0.975,0.342,0.867,1.193,0.07300001,0.061,0.051,0.164,0.065,0.59,0.055,0.095,0.69,0.204,,,,,0.331,0.185,,,,,,
1961,0.321,0.149,0.559,0.453,0.115,0.181,0.462,0.386,0.859,0.836,0.621,0.705,0.593,0.858,0.735,0.555,0.737,0.356,0.735,1.159,1.017,0.791,0.13,0.853,0.559,0.201,0.211,,,,,,,,,0.317,0.232,0.557,0.121,0.6300001,1.415,0.873,0.159,0.111,,0.462,0.611,0.318,0.194,0.576,0.214,0.22,0.954,0.459,1.206,0.276,0.888,0.452,1.081,0.67,0.482,0.756,0.314,1.01,0.711,0.882,0.918,0.208,0.394,0.262,0.18,0.217,0.43,0.689,0.133,0.22,,,1.309,0.797,1.154,0.302,0.848,0.871,0.04,0.12,0.116,0.149,0.105,0.722,0.076,0.064,0.791,0.265,,,,,0.481,0.301,,,,,,
1962,0.34,0.192,0.598,0.39,0.099,0.147,0.355,0.5280001,0.895,0.597,0.669,0.808,0.604,0.895,0.723,0.562,0.734,0.373,0.786,1.209,1.221,0.656,0.139,0.831,0.431,0.137,0.229,,,,,,,,,0.22,0.14,0.382,0.067,0.681,1.317,1.404,0.171,0.097,,0.509,0.617,0.213,0.149,0.478,0.159,0.213,1.137,0.565,1.2,0.436,0.94,0.571,0.842,0.45,0.5050001,0.809,0.288,1.249,0.948,0.963,0.857,0.237,0.597,0.28,0.175,0.162,0.379,0.545,0.117,0.278,,,1.29,1.134,1.09,0.23,0.835,0.92,0.062,0.094,0.117,0.142,0.063,0.71,0.055,0.07300001,0.583,0.272,,,0.401,0.324,0.493,0.256,,,,,,
1963,0.399,0.172,0.478,0.389,0.111,0.219,0.261,0.425,0.733,0.544,0.658,0.723,0.572,0.728,0.713,0.442,0.618,0.362,0.805,1.12,0.983,0.751,0.097,0.789,0.369,0.087,0.219,,,,,,,,,0.226,0.127,0.321,0.062,0.573,1.213,1.222,0.133,0.14,,0.491,0.616,0.236,0.146,0.408,0.154,0.186,1.014,0.51,1.11,0.362,0.72,0.504,0.579,0.276,0.286,0.393,0.165,0.957,0.871,0.888,0.736,0.239,0.809,0.265,0.157,0.194,0.337,0.385,0.128,0.297,,,1.22,1.185,1.062,0.231,0.863,0.909,0.103,0.134,0.125,0.169,0.04,0.632,0.044,0.07300001,0.615,0.252,,,0.328,0.285,0.546,0.237,,,,,,
1964,0.407,0.196,0.387,0.326,0.114,0.188,0.347,0.447,0.729,0.832,0.462,0.738,0.561,0.745,0.662,0.463,0.587,0.408,0.731,1.066,1,0.672,0.156,0.776,0.393,0.077,0.226,,,,,,,,,0.248,0.196,0.293,0.08000001,0.598,1.504,1.303,0.159,0.116,,0.538,0.523,0.2,0.187,0.39,0.143,0.142,1.034,0.412,0.916,0.308,0.468,0.407,0.382,0.206,0.272,0.267,0.118,0.786,0.719,0.777,0.588,0.278,0.733,0.297,0.159,0.202,0.357,0.376,0.176,0.376,1.37,1.549,1.09,1.074,0.8430001,0.199,0.841,0.8100001,0.172,0.09100001,0.219,0.092,0.039,0.39,0.032,0.094,0.524,0.314,,,0.485,0.327,0.667,0.255,,,,,,
1965,0.418,0.174,0.326,0.308,0.139,0.205,0.32,0.53,0.873,0.418,0.5280001,0.8430001,0.495,0.871,0.774,0.543,0.593,0.298,0.781,1.087,1.194,0.727,0.192,0.797,0.248,0.068,0.21,,,,,,,,,0.162,0.167,0.289,0.061,0.773,1.807,1.118,0.162,0.114,,0.463,0.638,0.142,0.137,0.363,0.106,0.155,1.089,0.32,0.938,0.224,0.315,0.267,0.356,0.15,0.136,0.166,0.077,0.9850001,0.753,0.942,0.791,0.214,0.628,0.311,0.173,0.195,0.365,0.356,0.193,0.426,1.289,1.637,1.072,0.914,1.191,0.3,0.903,0.67,0.109,0.077,0.185,0.159,0.032,0.396,0.039,0.083,0.767,0.243,,,0.57,0.357,0.612,0.263,,,,,,
1966,0.592,0.212,0.373,0.336,0.116,0.198,0.465,0.645,0.875,0.459,0.5510001,1.08,0.779,1.147,1.084,0.466,0.711,0.268,0.774,1.205,1.786,1.141,0.191,0.816,0.271,0.127,0.347,,,,,,,,,0.206,0.211,0.294,0.093,0.5050001,1.062,1.263,0.174,0.151,2.973,0.204,0.882,0.155,0.144,0.46,0.139,0.088,1.614,0.447,1.094,0.217,0.201,0.173,0.294,0.101,0.151,0.268,0.054,1.303,0.75,1.288,1.011,0.251,0.675,0.526,0.167,0.162,0.48,0.787,0.19,0.283,1.519,1.792,1.442,1.055,1.279,0.32,1.046,0.911,0.068,0.056,0.097,0.122,0.028,0.634,0.031,0.102,1.103,0.246,,,1.043,0.387,0.865,0.303,,,,,,
1967,0.356,0.161,0.372,0.282,0.109,0.194,0.267,0.359,0.703,0.235,0.493,0.667,0.521,0.652,0.762,0.349,0.416,0.209,0.573,0.932,1.272,0.665,0.135,0.597,0.237,0.084,0.209,0.417,,,,,,,,0.1,0.199,0.208,0.039,0.511,1.144,1.09,0.167,0.074,2.066,0.323,0.805,0.095,0.06600001,0.36,0.081,0.154,1.509,0.415,1.005,0.158,0.167,0.166,0.308,0.143,0.143,0.437,0.063,0.916,0.533,0.881,0.783,0.25,1.12,0.288,0.237,0.099,0.264,0.394,0.082,0.35,0.898,1.356,1.047,0.933,0.833,0.225,0.839,1.159,0.119,0.142,0.081,0.133,0.043,0.48,0.083,0.11,0.911,0.239,0.506,0.511,0.895,0.312,0.821,0.27,,,,,,
1968,0.388,0.189,0.303,0.271,0.093,0.177,0.258,0.398,0.576,0.28,0.392,0.712,0.504,0.688,0.623,0.431,0.627,0.23,0.502,0.845,1.002,0.456,0.118,0.588,0.185,0.081,0.218,0.46,,,,,,,,0.155,0.17,0.268,0.067,0.463,1.208,1.003,0.278,0.184,2.282,0.371,0.724,0.127,0.107,0.313,0.142,0.16,1.604,0.492,1.347,0.356,0.326,0.368,0.582,0.277,0.231,0.741,0.156,1.012,0.598,0.798,0.899,0.199,0.613,0.341,0.23,0.135,0.37,0.421,0.154,0.298,1.179,1.761,1.223,1.036,0.907,0.197,0.629,0.85,0.096,0.071,0.106,0.106,0.069,0.499,0.083,0.186,1.131,0.327,0.7090001,0.781,1.154,0.442,0.9220001,0.371,,,,,,
1969,0.53,0.233,0.359,0.318,0.106,0.201,0.265,0.352,0.599,0.255,0.498,0.761,0.599,0.839,0.62,0.44,0.541,0.219,0.792,1.002,1.394,0.5280001,0.099,0.513,0.155,0.089,0.253,0.445,,,,,,,,0.172,0.176,0.242,0.095,0.398,1.103,1.109,0.222,0.103,2.103,0.434,0.8140001,0.111,0.108,0.342,0.172,0.176,2.256,0.774,1.841,0.422,0.367,0.419,0.574,0.419,0.188,0.76,0.158,0.8140001,0.669,0.796,0.849,0.184,0.575,0.415,0.162,0.202,0.404,0.564,0.398,0.37,1.068,1.767,1.369,1.048,0.646,0.234,0.946,0.8340001,0.074,0.075,0.088,0.103,0.068,0.541,0.044,0.152,1.219,0.415,0.933,1.026,1.304,0.519,1.082,0.419,,,,,,
1970,0.464,0.223,0.396,0.367,0.101,0.199,0.295,0.364,0.587,0.153,0.529,0.919,0.6,0.796,0.562,0.438,0.582,0.235,0.701,0.9390001,1.42,0.522,0.127,0.542,0.13,0.13,0.24,0.557,,,,,,0.593,0.44,0.137,0.129,0.221,0.083,0.329,0.996,1.104,0.239,0.377,2.059,0.397,0.851,0.116,0.116,0.335,0.171,0.126,2.048,0.632,1.683,0.261,0.293,0.273,0.517,0.487,0.153,0.599,0.137,1.125,0.695,0.833,0.818,0.242,0.518,0.475,0.188,0.215,0.393,0.487,0.28,0.407,1.144,1.912,1.644,1.16,0.793,0.145,1.028,0.94,0.062,0.07,0.059,0.109,0.081,0.592,0.067,0.071,1.22,0.479,0.73,0.956,1.339,0.556,0.867,0.421,,,,,,
1971,0.333,0.21,0.291,0.412,0.102,0.175,0.272,0.267,0.51,0.23,0.508,0.831,0.562,0.768,0.463,0.426,0.412,0.358,0.481,0.905,0.942,0.338,0.098,0.527,0.121,0.147,0.179,0.18,,,,0.478,,0.394,0.529,0.126,0.112,0.19,0.057,0.46,1.016,1.074,0.196,0.379,1.836,0.527,0.73,0.132,0.072,0.285,0.154,0.201,1.449,0.464,1.085,0.252,0.178,0.236,0.399,0.608,0.102,0.604,0.117,0.726,0.57,0.648,0.639,0.213,0.559,0.381,0.196,0.142,0.361,0.331,0.189,0.835,0.897,1.705,1.118,0.886,0.717,0.161,0.8100001,0.98,0.067,0.119,0.057,0.028,0.099,0.382,0.053,0.059,0.932,0.469,0.581,0.918,1.132,0.427,0.6760001,0.251,,,,,,
1972,0.404,0.317,0.487,0.431,0.107,0.179,0.251,0.292,0.455,0.215,0.481,0.872,0.567,0.775,0.573,0.424,0.477,0.286,0.534,0.923,0.83,0.465,0.118,0.519,0.114,0.122,0.287,0.271,,,,0.498,0.382,0.492,0.296,0.174,0.178,0.315,0.115,0.297,0.884,1.003,0.235,0.107,1.831,0.572,0.775,0.174,0.129,0.349,0.205,0.149,1.481,0.455,1.335,0.369,0.236,0.302,0.371,0.689,0.113,0.686,0.137,0.816,0.718,0.797,0.742,0.245,0.368,0.412,0.161,0.177,0.405,0.381,0.167,0.803,0.89,1.362,1.108,0.971,0.945,0.158,0.835,0.769,0.09,0.09,0.088,0.043,0.141,0.624,0.047,0.1,1.253,0.559,0.8060001,1.284,1.57,0.794,0.713,0.169,,,,,,
1973,0.251,0.226,0.282,0.295,0.093,0.121,0.252,0.157,0.268,0.299,0.406,0.758,0.527,0.597,0.519,0.294,0.75,0.231,0.435,0.8010001,0.672,0.412,0.071,0.5,0.117,0.087,0.15,0.243,,,,0.702,0.667,0.314,0.303,0.101,0.064,0.177,0.064,0.514,1.05,0.9,0.176,0.473,1.444,0.385,0.621,0.149,0.111,0.287,0.144,0.18,1.234,0.461,1.239,0.345,0.215,0.384,0.38,0.613,0.115,0.726,0.21,0.835,0.525,0.595,0.656,0.219,0.422,0.3,0.199,0.16,0.355,0.33,0.189,0.665,0.66,1.155,0.887,0.749,0.8800001,0.07300001,0.5840001,0.76,0.111,0.075,0.051,0.109,0.043,0.459,0.07300001,0.074,1.599,0.726,0.64,2.061,1.717,0.783,0.833,0.21,0.9310001,0.895,,,,
1974,0.347,0.298,0.449,0.425,0.153,0.228,0.207,0.192,0.401,0.21,0.486,0.786,0.548,0.622,0.464,0.36,0.606,0.262,0.32,0.759,0.783,0.405,0.141,0.577,0.194,0.152,0.288,0.501,,,,0.44,0.394,0.696,0.518,0.119,0.095,0.18,0.077,0.323,0.9520001,0.751,0.132,0.1,1.175,0.506,0.714,0.166,0.117,0.414,0.152,0.18,0.768,0.346,0.921,0.411,0.286,0.407,0.458,0.713,0.132,0.701,0.185,0.723,0.628,0.651,0.723,0.247,0.33,0.472,0.265,0.17,0.258,0.403,0.192,0.679,0.485,0.703,0.811,0.829,0.779,0.2,0.679,0.644,0.077,0.061,0.062,0.121,0.07300001,0.451,0.062,0.051,1.325,0.54,0.286,1.511,1.208,0.652,0.627,0.198,0.698,0.601,,,,
1975,0.314,0.279,0.326,0.38,0.196,0.236,0.269,0.19,0.334,0.187,0.424,0.678,0.506,0.586,0.45,0.33,0.498,0.289,0.321,0.617,0.6530001,0.376,0.198,0.46,0.146,0.191,0.192,0.657,,,,0.694,0.45,0.357,0.378,0.144,0.124,0.183,0.103,0.319,0.829,0.707,0.147,0.082,0.754,0.435,0.515,0.117,0.108,0.309,0.152,0.224,0.764,0.498,0.84,0.302,0.135,0.291,0.24,0.484,0.131,0.515,0.171,0.625,0.477,0.48,0.634,0.335,0.5840001,0.5050001,0.224,0.17,0.247,0.305,0.215,0.696,0.665,0.697,0.825,0.504,0.558,0.228,0.603,0.568,0.026,0.059,0.103,0.092,0.051,0.417,0.071,0.071,1.28,0.622,0.311,1.444,1.23,0.795,0.564,0.228,0.463,0.574,,,,
1976,0.343,0.31,0.404,0.424,0.248,0.308,0.288,0.164,0.35,0.217,0.414,0.611,0.744,0.517,0.407,0.258,0.434,0.267,0.309,0.722,0.6070001,0.42,0.2,0.482,0.265,0.226,0.296,0.367,0.459,,,0.884,0.53,0.796,0.617,0.118,0.106,0.187,0.086,0.333,0.844,0.753,0.159,0.166,0.578,0.386,0.504,0.155,0.102,0.261,0.145,0.245,1.005,0.617,1.062,0.247,0.175,0.306,0.266,0.8100001,0.123,0.646,0.157,0.567,0.49,0.605,0.537,0.312,0.444,0.353,0.349,0.164,0.25,0.423,0.152,0.338,0.713,0.903,0.771,0.61,0.488,0.252,0.532,0.382,0.085,0.092,0.068,0.126,0.062,0.342,0.054,0.059,1.601,0.647,0.442,1.952,1.625,0.763,0.624,0.387,0.7,0.66,,,,
1977,0.382,0.271,0.351,0.325,0.399,0.292,0.306,0.149,0.348,0.183,0.485,0.674,0.82,0.631,0.499,0.284,0.481,0.333,0.3,0.729,0.525,0.324,0.207,0.436,0.235,0.235,0.232,0.324,0.272,,,0.736,0.989,0.938,0.799,0.156,0.152,0.179,0.114,0.354,0.699,0.927,0.178,0.655,1.014,0.485,0.554,0.156,0.13,0.271,0.144,0.27,1.024,0.657,1.054,0.436,0.265,0.33,0.391,1.003,0.151,0.683,0.179,0.8600001,0.744,0.795,0.737,0.278,0.311,0.292,0.241,0.119,0.242,0.462,0.136,0.354,0.713,1.124,1.103,0.619,0.581,0.255,0.586,0.472,0.062,0.052,0.076,0.093,0.041,0.385,0.053,0.103,1.192,0.668,0.376,1.281,1.172,0.789,0.678,0.525,0.782,0.78,,,,
1978,0.311,0.22,0.338,0.307,0.384,0.241,0.265,0.142,0.329,0.181,0.405,0.51,0.693,0.542,0.432,0.214,0.446,0.235,0.351,0.794,0.651,0.32,0.158,0.419,0.296,0.15,0.272,0.832,0.442,,,0.621,0.897,0.825,0.696,0.193,0.219,0.268,0.126,0.292,0.9350001,1.088,0.204,0.837,1.056,0.411,0.544,0.167,0.108,0.196,0.137,0.24,1.14,0.621,1.002,0.337,0.228,0.323,0.25,0.978,0.139,0.724,0.132,0.995,0.793,0.686,0.772,0.286,0.366,0.295,0.195,0.105,0.229,0.41,0.104,0.302,0.6300001,1.466,1.186,0.704,0.721,0.291,0.729,0.458,0.166,0.093,0.09,0.063,0.055,0.439,0.041,0.069,0.832,0.484,0.315,1.018,0.818,0.513,0.589,0.524,0.875,0.625,,,,
1979,0.387,0.279,0.281,0.316,0.275,0.268,0.354,0.159,0.324,0.208,0.52,0.663,0.829,0.649,0.533,0.273,0.526,0.263,0.392,1.026,0.712,0.37,0.183,0.431,0.24,0.145,0.313,0.373,0.316,0.628,0.953,0.456,0.69,0.711,0.744,0.167,0.12,0.177,0.107,0.24,0.726,1.245,0.239,0.779,0.886,0.377,0.553,0.151,0.106,0.23,0.185,0.219,1.523,0.777,1.37,0.418,0.213,0.415,0.244,1.42,0.22,0.897,0.22,1.082,0.668,0.811,0.734,0.249,0.366,0.288,0.18,0.155,0.256,0.514,0.115,0.26,0.775,1.203,1.318,0.57,0.822,0.33,0.782,0.598,0.131,0.053,0.093,0.117,0.083,0.379,0.095,0.068,0.802,0.613,0.461,1.254,0.79,0.527,0.643,0.45,0.916,0.611,,,,
1980,0.305,0.199,0.356,0.452,0.316,0.306,0.352,0.172,0.337,0.175,0.39,0.538,0.713,0.661,0.39,0.222,0.439,0.211,0.41,0.884,0.574,0.422,0.227,0.275,0.275,0.29,0.21,0.804,0.206,0.788,1.413,0.154,0.5510001,0.6,0.565,0.19,0.189,0.234,0.155,0.309,0.965,1.086,0.277,1.038,0.869,0.317,0.542,0.15,0.121,0.169,0.157,0.255,1.199,0.678,1.428,0.338,0.191,0.321,0.204,0.854,0.173,0.762,0.159,0.846,0.499,0.685,0.656,0.297,0.403,0.229,0.221,0.133,0.229,0.368,0.126,0.203,0.821,1.318,1.201,0.5280001,0.691,0.29,0.542,0.775,0.145,0.122,0.132,0.151,0.079,0.324,0.062,0.089,1.311,0.51,0.43,1.166,1.278,0.439,0.592,0.361,0.833,0.534,,,,
1981,0.344,0.317,0.344,0.511,0.449,0.344,0.385,0.184,0.436,0.211,0.462,0.7320001,1.032,0.909,0.495,0.284,0.605,0.18,0.522,1.124,0.684,0.473,0.242,0.164,0.39,0.252,0.285,1.412,0.115,0.797,1.024,0.133,0.387,0.573,0.279,0.235,0.209,0.281,0.146,0.205,0.711,1.301,0.281,0.787,1.249,0.443,0.719,0.142,0.146,0.206,0.159,0.238,1.87,0.917,1.911,0.516,0.222,0.618,0.246,1.363,0.41,1.23,0.243,1.142,0.839,0.973,0.993,0.235,0.304,0.334,0.179,0.171,0.344,0.501,0.135,0.297,0.9720001,1.415,1.83,0.822,0.744,0.477,0.753,0.56,0.107,0.125,0.107,0.074,0.139,0.325,0.077,0.061,1.901,0.593,0.582,1.975,1.712,0.61,0.8930001,0.524,1.042,1.06,,,,
1982,0.28,0.171,0.322,0.464,0.289,0.258,0.295,0.162,0.313,0.212,0.411,0.457,0.651,0.678,0.44,0.24,0.486,0.164,0.39,0.7320001,0.569,0.329,0.215,0.206,0.348,0.212,0.178,0.946,0.09100001,0.597,1.323,0.09100001,0.261,0.503,0.302,0.241,0.332,0.377,0.208,0.29,1.208,0.976,0.357,0.891,0.962,0.346,0.599,0.182,0.148,0.153,0.141,0.194,1.239,0.803,1.049,0.368,0.194,0.358,0.161,1.066,0.253,0.8140001,0.181,1.052,0.742,0.741,0.85,0.361,0.506,0.225,0.239,0.126,0.354,0.347,0.204,0.17,0.83,1.283,1.297,0.594,0.675,0.422,0.688,0.8340001,0.161,0.205,0.08000001,0.098,0.094,0.301,0.08000001,0.067,1.147,0.438,0.378,1.493,1.091,0.482,0.603,0.518,0.7320001,0.743,,,,
1983,0.436,0.287,0.412,0.522,0.335,0.264,0.39,0.236,0.409,0.254,0.546,0.588,0.938,1.033,0.555,0.261,0.665,0.127,0.373,1.035,0.667,0.502,0.221,0.339,0.307,0.248,0.293,0.933,0.253,0.879,1.348,0.31,0.336,0.679,0.431,0.24,0.373,0.491,0.197,0.315,0.9,1.149,0.254,0.903,1.104,0.416,0.7320001,0.22,0.138,0.226,0.146,0.2,1.843,1.374,1.703,0.675,0.291,0.681,0.279,1.452,0.518,1.358,0.454,1.478,1.3,1.129,1.02,0.225,0.296,0.354,0.189,0.165,0.464,0.588,0.31,0.334,0.938,1.164,1.374,0.721,0.862,0.7,0.898,0.662,0.133,0.188,0.089,0.079,0.154,0.324,0.065,0.063,1.445,0.401,0.347,1.821,1.15,0.403,0.774,0.882,0.796,0.79,,,,
1984,0.295,0.148,0.367,0.532,0.218,0.237,0.264,0.197,0.334,0.238,0.455,0.61,0.78,0.943,0.314,0.219,0.478,0.163,0.344,0.739,0.572,0.37,0.195,0.372,0.167,0.257,0.202,0.826,0.393,0.841,1.254,0.408,0.35,0.519,0.478,0.223,0.396,0.371,0.212,0.27,0.547,1.397,0.281,0.614,1.142,0.335,0.719,0.159,0.161,0.217,0.122,0.171,1.496,1.348,1.61,0.52,0.245,0.455,0.226,1.107,0.443,0.87,0.359,0.971,0.813,0.85,0.791,0.293,0.545,0.288,0.277,0.154,0.343,0.404,0.196,0.192,0.864,1.303,1.415,0.571,0.807,0.5510001,0.701,0.883,0.124,0.138,0.124,0.124,0.118,0.272,0.069,0.077,1.408,0.274,0.292,1.524,1.356,0.293,0.608,0.784,0.697,0.601,,,,
1985,0.248,0.149,0.352,0.43,0.233,0.181,0.248,0.112,0.226,0.199,0.412,0.583,0.7090001,0.692,0.279,0.175,0.367,0.125,0.258,0.619,0.419,0.359,0.211,0.246,0.172,0.249,0.177,0.724,0.311,1.066,1.306,0.327,0.404,0.348,0.568,0.22,0.261,0.378,0.188,0.323,0.506,1.235,0.247,0.526,1.029,0.434,0.752,0.213,0.177,0.18,0.104,0.188,1.214,1.084,1.154,0.346,0.25,0.363,0.231,1.355,0.401,1.354,0.41,1.108,0.689,0.7320001,0.8060001,,0.328,0.25,0.222,0.104,0.318,0.362,0.128,0.161,0.824,1.278,1.291,0.574,0.759,0.521,0.67,0.641,0.206,0.121,0.071,0.173,0.116,0.201,0.062,0.082,1.687,0.314,0.29,1.539,1.462,0.323,0.485,0.476,0.561,0.445,,,,
1986,0.479,0.205,0.407,0.512,0.359,0.226,0.383,0.188,0.317,0.233,0.443,0.592,0.68,0.644,0.334,0.2,0.444,0.132,0.284,0.726,0.538,0.465,0.246,0.418,0.144,0.286,0.367,1.14,0.426,1.135,1.036,0.441,0.5510001,0.56,0.592,0.198,0.313,0.409,0.346,0.378,0.73,0.975,0.265,0.599,0.994,0.624,0.824,0.18,0.214,0.265,0.112,0.188,1.211,1.271,1.143,0.303,0.228,0.459,0.212,0.983,0.449,0.9260001,0.399,0.914,0.8010001,0.826,0.8,,0.306,0.293,0.205,0.126,0.332,0.678,0.191,0.193,0.831,1.103,1.345,0.547,0.733,0.532,0.689,0.643,0.198,0.056,0.078,0.115,0.096,0.266,0.051,0.063,1.676,0.329,0.356,1.435,1.319,0.411,0.522,0.506,0.5840001,0.439,,,1.794,
1987,0.35,0.173,0.363,0.442,0.216,0.178,0.263,0.161,0.292,0.192,0.408,0.654,0.726,0.64,0.299,0.211,0.411,0.119,0.297,0.618,0.46,0.445,0.163,0.396,0.159,0.221,0.257,0.947,0.283,1.123,1.21,0.533,0.459,0.469,0.706,0.219,0.348,0.283,0.28,0.283,0.764,1.007,0.217,0.564,0.9310001,0.632,0.789,0.146,0.179,0.282,0.132,0.231,1.346,1.298,1.676,0.332,0.207,0.474,0.158,0.722,0.419,0.82,0.408,0.825,0.804,0.808,0.867,,0.276,0.301,0.158,0.098,0.305,0.457,0.16,0.219,0.752,1.038,1.446,0.472,0.738,0.49,0.663,0.729,0.223,0.06,0.071,0.124,0.069,0.242,0.05,0.093,1.915,0.361,0.364,1.456,1.614,0.436,0.552,0.47,0.514,0.581,,,1.359,
1988,0.26,0.171,0.382,0.5,0.28,0.196,0.268,0.156,0.312,0.319,0.409,0.656,0.742,0.668,0.347,0.253,0.409,0.145,0.288,0.585,0.526,0.37,0.134,0.467,0.209,0.162,0.234,1.138,0.149,1.234,1.394,0.703,0.508,0.501,0.789,0.152,0.311,0.239,0.23,0.248,0.518,1.211,0.309,0.473,1.017,0.531,0.82,0.144,0.271,0.231,0.169,0.173,1.399,1.33,1.489,0.409,0.198,0.597,0.123,0.964,0.555,0.97,0.546,0.76,0.79,0.697,0.855,,0.327,0.289,0.242,0.093,0.223,0.416,0.195,0.167,0.567,1.014,1.341,0.407,0.713,0.487,0.663,0.769,0.371,0.06,0.026,0.124,0.051,0.213,0.084,0.06,1.941,0.407,0.409,1.295,1.594,0.494,0.604,0.529,0.514,0.635,,,1.389,1.421
1989,0.26,0.143,0.315,0.342,0.164,0.124,0.175,0.111,0.265,0.225,0.385,0.6070001,0.601,0.632,0.205,0.175,0.328,0.132,0.229,0.536,0.443,0.357,0.127,0.395,0.17,0.159,0.219,1.281,0.057,1.045,1.263,0.683,0.54,0.417,0.909,0.141,0.259,0.228,0.253,0.231,0.562,0.958,0.233,0.55,0.75,0.396,0.745,0.14,0.19,0.287,0.121,0.186,1.285,0.887,1.245,0.319,0.19,0.611,0.121,0.938,0.554,1.06,0.386,0.628,0.562,0.582,0.696,,0.4,0.454,0.191,0.087,0.251,0.323,0.139,0.327,0.756,1.146,1.272,0.419,0.599,0.366,0.518,0.664,0.185,0.036,0.032,0.084,0.068,0.181,0.072,0.046,1.275,0.311,0.387,0.841,1.072,0.434,0.485,0.363,0.482,0.538,,,1.232,1.174
1990,0.232,0.132,0.389,0.401,0.268,0.155,0.209,0.142,0.326,0.315,0.357,0.64,0.599,0.573,0.229,0.243,0.364,0.1,0.289,0.644,0.448,0.365,0.151,0.466,0.203,0.228,0.201,1.225,0.031,0.789,1.046,0.818,0.671,0.495,0.546,0.21,0.234,0.171,0.21,0.164,0.594,0.93,0.127,0.525,0.8140001,0.382,0.811,0.131,0.208,0.257,0.131,0.235,1.394,0.944,1.614,0.302,0.193,0.575,0.122,0.991,0.459,0.996,0.396,0.598,0.516,0.555,0.8010001,,0.425,0.319,0.204,0.087,0.291,0.412,0.14,0.273,0.721,1.226,1.447,0.45,0.548,0.325,0.393,0.6300001,0.109,0.029,0.09100001,0.085,0.072,0.177,0.059,0.076,1.203,0.438,0.425,0.606,1.327,0.514,0.579,0.393,0.557,0.536,,,0.758,0.95
1991,0.403,0.145,0.371,0.447,0.255,0.267,0.24,0.16,0.375,0.293,0.406,0.807,0.621,0.696,0.286,0.231,0.386,0.162,0.316,1.084,0.538,0.453,0.168,0.521,0.176,0.211,0.261,1.379,0.02,0.722,0.532,0.884,0.733,0.517,0.471,0.242,0.257,0.299,0.209,0.12,0.374,0.811,0.125,0.696,0.762,0.312,0.832,0.17,0.242,0.296,0.151,0.148,1.67,1.005,1.998,0.429,0.249,0.723,0.129,1.211,0.506,1.279,0.439,0.861,0.588,0.6760001,0.844,,0.47,0.365,0.276,0.102,0.278,0.608,0.148,0.272,0.635,1.571,1.723,0.4,0.79,0.393,0.608,0.54,0.132,0.035,0.061,0.085,0.113,0.178,0.05,0.05,1.638,0.443,0.44,0.608,1.146,0.538,0.598,0.405,0.631,0.568,0.955,0.962,0.878,0.773
1992,0.173,0.086,0.191,0.212,0.148,0.103,0.098,0.04,0.179,0.127,0.142,0.386,0.381,0.358,0.084,0.096,0.253,0.146,0.18,0.659,0.264,0.249,0.172,0.393,0.259,0.209,0.096,1.337,0.017,0.514,0.381,0.517,0.578,0.344,0.602,0.283,0.177,0.26,0.225,0.37,0.373,0.698,0.153,0.26,0.635,0.149,0.558,0.202,0.228,0.096,0.137,0.226,0.8520001,0.531,0.8930001,0.228,0.172,0.414,0.058,0.556,0.25,0.619,0.183,0.561,0.248,0.384,0.611,,0.263,0.11,0.179,0.042,0.159,0.292,0.129,0.213,0.374,0.924,0.842,0.267,0.556,0.265,0.315,0.675,0.13,0.035,0.055,0.09,0.074,0.143,0.053,0.053,1.014,0.357,0.4,0.441,0.942,0.468,0.415,0.161,0.428,0.273,0.738,0.691,0.982,0.461
1993,0.286,0.183,0.259,0.328,0.159,0.153,0.261,0.149,0.257,0.294,0.224,0.649,0.577,0.496,0.161,0.13,0.4,0.115,0.289,0.705,0.434,0.355,0.188,0.519,0.255,0.161,0.226,1.43,0.015,0.289,0.171,0.448,0.684,0.323,1.057,0.309,0.182,0.28,0.226,0.111,0.293,0.829,0.189,0.167,0.629,0.238,0.784,0.245,0.236,0.201,0.188,0.191,1.268,0.841,1.497,0.301,0.198,0.613,0.099,1.209,0.356,1.056,0.308,0.696,0.405,0.438,0.666,,0.345,0.356,0.127,0.112,0.326,0.578,0.236,0.483,0.535,1.104,1.08,0.377,0.727,0.406,0.472,0.426,0.228,0.05,0.065,0.06600001,0.071,0.178,0.035,0.029,1.186,0.405,0.493,0.435,1.11,0.416,0.641,0.366,0.601,0.336,0.616,0.816,0.561,0.519
1994,0.208,0.108,0.194,0.239,0.092,0.114,0.197,0.098,0.226,0.27,0.211,0.637,0.542,0.388,0.113,0.129,0.357,0.142,0.266,0.532,0.368,0.334,0.158,0.471,0.301,0.149,0.181,1.432,0.026,0.198,0.355,0.433,0.5840001,0.313,0.868,0.258,0.122,0.175,0.174,0.159,0.238,0.763,0.207,0.178,0.596,0.298,0.853,0.193,0.203,0.203,0.159,0.154,0.975,0.7780001,1.308,0.301,0.174,0.533,0.09100001,0.9680001,0.317,0.876,0.263,0.514,0.3,0.331,0.593,,0.455,0.196,0.221,0.068,0.16,0.384,0.095,0.355,0.51,1.172,1.109,0.392,0.613,0.331,0.465,0.564,0.086,0.034,0.088,0.076,0.074,0.15,0.042,0.055,0.74,0.261,0.399,0.471,0.805,0.316,0.468,0.295,0.502,0.229,0.7090001,0.96,0.639,0.546
1995,0.224,0.182,0.142,0.277,0.109,0.081,0.203,0.098,0.281,0.268,0.166,0.6530001,0.559,0.407,0.081,0.134,0.412,0.112,0.228,0.613,0.493,0.334,0.176,0.557,0.203,0.178,0.24,1.506,0.024,0.246,0.39,0.686,0.682,0.368,0.987,0.248,0.112,0.19,0.196,0.229,0.279,0.748,0.14,0.635,0.578,0.272,0.849,0.235,0.2,0.183,0.16,0.201,0.907,0.719,1.279,0.308,0.172,0.746,0.07,0.911,0.324,0.77,0.295,0.533,0.385,0.518,0.774,,0.788,0.207,0.141,0.088,0.169,0.392,0.137,0.288,0.531,1.1,1.104,0.522,0.495,0.315,0.534,0.434,0.098,0.043,0.16,0.17,0.064,0.122,0.053,0.047,0.71,0.257,0.5,0.448,0.693,0.304,0.457,0.23,0.392,0.251,0.705,1.092,0.694,0.499
1996,0.262,0.132,0.285,0.404,0.134,0.107,0.304,0.112,0.624,0.179,0.304,0.665,0.684,0.475,0.13,0.213,0.45,0.103,0.293,0.724,0.538,0.338,0.189,0.572,0.176,0.157,0.213,1.157,0.039,0.337,0.289,0.677,0.979,0.597,0.753,0.413,0.201,0.284,0.318,0.206,0.296,0.665,0.185,0.754,0.461,0.295,0.706,0.25,0.309,0.186,0.227,0.195,0.955,0.683,1.436,0.399,0.215,0.656,0.14,0.913,0.354,0.784,0.26,0.613,0.349,0.386,0.674,,0.523,0.2,0.186,0.09100001,0.201,0.391,0.164,0.35,0.5050001,1.062,0.957,0.341,0.559,0.45,0.463,0.507,0.089,0.078,0.108,0.126,0.079,0.203,0.052,0.031,0.719,0.223,0.552,0.52,0.619,0.338,0.454,0.268,0.373,0.261,0.479,0.79,0.796,0.51
1997,0.345,0.148,0.243,0.313,0.159,0.125,0.214,0.117,0.43,0.247,0.249,0.726,0.673,0.544,0.124,0.199,0.525,0.109,0.256,0.534,0.586,0.397,0.22,0.532,0.247,0.195,0.32,0.8520001,0.149,0.35,0.291,0.836,0.8520001,0.581,1.04,0.295,0.182,0.232,0.207,0.166,0.329,0.603,0.188,0.593,0.494,0.393,0.753,0.293,0.339,0.243,0.25,0.139,0.903,0.729,1.579,0.354,0.24,0.798,0.108,1.152,0.333,0.8930001,0.277,0.482,0.377,0.392,0.601,,0.476,0.228,0.169,0.099,0.182,0.355,0.207,0.321,0.597,1.161,0.557,0.575,0.555,0.358,0.487,0.511,0.149,0.24,0.078,0.08000001,0.072,0.094,0.044,0.036,0.636,0.31,0.573,0.724,0.492,0.429,0.412,0.347,0.367,0.207,0.572,0.668,0.795,0.474
1998,0.265,0.108,0.242,0.34,0.191,0.134,0.188,0.113,0.225,0.235,0.29,0.662,0.506,0.469,0.107,0.139,0.5050001,0.059,0.246,0.524,0.502,0.323,0.224,0.555,0.216,0.282,0.188,0.672,0.338,0.412,0.373,0.554,0.741,0.45,0.601,0.282,0.13,0.25,0.182,0.138,0.054,0.842,0.149,0.538,0.687,0.338,0.681,0.266,0.201,0.124,0.228,0.144,0.851,0.618,1.614,0.39,0.21,0.785,0.127,0.72,0.198,0.857,0.154,0.443,0.357,0.346,0.555,,0.336,0.143,0.161,0.105,0.202,0.288,0.201,0.293,0.538,0.964,0.523,0.308,0.542,0.317,0.38,0.58,0.065,0.115,0.101,0.083,0.06600001,0.07,0.04,0.069,0.625,0.299,0.556,0.621,0.483,0.429,0.432,0.481,0.446,0.268,0.77,1.015,1.03,0.521
1999,0.31,0.167,0.349,0.328,0.183,0.208,0.249,0.087,0.264,0.078,0.266,0.625,0.55,0.38,0.139,0.168,0.685,0.043,0.3,0.513,0.503,0.422,0.305,0.596,0.171,0.273,0.327,0.253,0.5280001,0.545,0.304,0.521,0.772,0.414,0.66,0.326,0.185,0.262,0.167,0.108,0.281,1.095,0.16,0.459,0.611,0.31,0.639,0.36,0.309,0.102,0.311,0.201,0.858,0.904,1.784,0.418,0.344,1.038,0.183,0.792,0.322,0.838,0.225,0.512,0.446,0.485,0.571,,0.384,0.238,0.16,0.109,0.229,0.299,0.211,0.285,0.668,1.14,0.683,0.431,0.542,0.405,0.464,0.44,0.071,0.098,0.118,0.109,0.067,0.087,0.07,0.064,0.85,0.403,0.738,1.11,0.574,0.511,0.456,0.295,0.543,0.482,0.978,1.157,0.784,0.72
2000,0.287,0.162,0.342,0.252,0.17,0.165,0.276,0.168,0.238,0.173,0.276,0.538,0.445,0.329,0.125,0.166,0.454,0.083,0.331,0.517,0.484,0.378,0.148,0.577,0.27,0.23,0.249,0.587,0.507,0.385,0.346,0.312,0.552,0.37,0.523,0.369,0.156,0.172,0.201,0.148,0.382,0.861,0.317,0.51,0.448,0.262,0.534,0.325,0.316,0.109,0.262,0.188,0.811,0.638,1.643,0.459,0.415,0.892,0.122,0.649,0.252,0.772,0.209,0.409,0.305,0.372,0.524,,0.427,0.189,0.177,0.111,0.162,0.273,0.181,0.292,0.567,1.206,0.791,0.44,0.488,0.366,0.47,0.455,0.069,0.089,0.087,0.115,0.045,0.07300001,0.086,0.087,0.849,0.406,0.795,0.925,0.669,0.456,0.346,0.24,0.409,0.32,0.529,0.95,0.824,0.541
2001,0.394,0.203,0.412,0.304,0.191,0.178,0.285,0.137,0.251,0.194,0.356,0.6530001,0.612,0.379,0.109,0.174,0.585,0.108,0.367,0.701,0.601,0.344,0.203,0.695,0.174,0.308,0.295,0.6760001,0.336,0.504,0.502,0.433,0.7,0.49,0.442,0.339,0.235,0.209,0.164,0.216,0.371,0.874,0.286,0.37,0.559,0.31,0.572,0.334,0.341,0.144,0.267,0.195,1,0.901,2.136,0.62,0.55,0.9810001,0.121,0.741,0.291,0.901,0.267,0.518,0.403,0.459,0.5840001,,0.634,0.25,0.175,0.112,0.118,0.393,0.318,0.391,0.696,1.286,0.993,0.47,0.735,0.51,0.694,0.4,0.115,0.11,0.045,0.124,0.058,0.059,0.13,0.04,0.722,0.386,0.643,0.89,0.7320001,0.577,0.336,0.349,0.425,0.322,0.833,1.085,0.534,0.558
2002,0.315,0.156,0.347,0.327,0.344,0.269,0.321,0.169,0.331,0.184,0.307,0.646,0.573,0.459,0.116,0.182,0.514,0.12,0.39,0.665,0.644,0.31,0.182,0.655,0.227,0.225,0.27,0.387,0.277,0.388,0.371,0.297,0.767,0.521,0.491,0.39,0.248,0.172,0.137,0.314,0.415,0.819,0.288,0.405,0.69,0.287,0.497,0.381,0.312,0.152,0.255,0.182,0.862,0.984,1.908,0.734,0.483,0.989,0.175,0.783,0.382,0.855,0.285,0.508,0.44,0.392,0.462,,0.29,0.265,0.21,0.108,0.163,0.388,0.368,0.405,0.594,1.133,1.061,0.317,0.45,0.467,0.51,0.421,0.05,0.089,0.069,0.108,0.06600001,0.065,0.058,0.05,0.75,0.325,0.501,0.777,0.57,0.474,0.307,0.314,0.452,0.365,0.883,1.087,0.373,0.444
2003,0.34,0.155,0.268,0.324,0.243,0.225,0.279,0.124,0.26,0.194,0.415,0.705,0.392,0.345,0.039,0.138,0.39,0.082,0.255,0.697,0.536,0.188,0.137,0.576,0.229,0.145,0.215,0.423,0.118,0.235,0.387,0.239,0.723,0.406,0.386,0.423,0.2,0.108,0.11,0.231,0.338,0.7320001,0.246,0.315,0.425,0.237,0.297,0.339,0.309,0.107,0.242,0.167,0.933,0.871,2.228,0.615,0.469,0.693,0.156,0.461,0.363,0.819,0.269,0.561,0.393,0.257,0.468,,0.285,0.236,0.222,0.079,0.117,0.324,0.341,0.446,0.512,1.148,0.753,0.456,0.323,0.415,0.488,0.224,0.123,0.048,0.087,0.074,0.048,0.069,0.053,0.083,0.573,0.237,0.446,0.638,0.549,0.302,0.246,0.338,0.423,0.336,0.901,0.975,0.79,0.474
2004,0.211,0.227,0.269,0.369,0.219,0.202,0.269,0.143,0.288,0.222,0.312,0.686,0.367,0.312,0.052,0.145,0.308,0.07,0.335,0.556,0.495,0.125,0.133,0.447,0.164,0.187,0.286,0.445,0.079,0.143,0.166,0.278,0.615,0.411,0.459,0.329,0.18,0.137,0.168,0.259,0.332,0.626,0.175,0.356,0.527,0.255,0.31,0.377,0.247,0.176,0.277,0.218,0.745,0.399,1.441,0.573,0.507,0.8010001,0.203,0.459,0.276,0.887,0.22,0.565,0.354,0.357,0.603,,0.518,0.316,0.217,0.081,0.153,0.255,0.354,0.423,0.378,0.817,0.492,0.38,0.394,0.246,0.36,0.228,0.086,0.032,0.092,0.124,0.053,0.135,0.042,0.248,0.654,0.224,0.44,0.518,0.48,0.268,0.171,0.216,0.313,0.285,0.919,0.702,0.651,0.513
2005,0.298,0.241,0.348,0.466,0.21,0.254,0.386,0.118,0.291,0.231,0.39,0.651,0.486,0.295,0.067,0.177,0.342,0.103,0.416,0.737,0.641,0.202,0.223,0.737,0.44,0.175,0.284,0.328,0.044,0.088,0.216,0.282,0.474,0.357,0.482,0.373,0.234,0.163,0.309,0.245,0.414,0.546,0.16,0.41,0.511,0.244,0.278,0.39,0.28,0.148,0.277,0.222,1.097,0.729,2.17,0.694,0.466,0.831,0.217,0.489,0.25,0.776,0.222,0.787,0.558,0.445,0.504,,0.375,0.276,0.185,0.156,0.183,0.255,0.292,0.481,0.461,0.916,0.651,0.369,0.476,0.298,0.536,0.254,0.035,0.039,0.085,0.139,0.09100001,0.132,0.07300001,0.204,0.691,0.247,0.465,0.51,0.52,0.305,0.197,0.148,0.267,0.221,0.736,0.58,0.614,0.26
2006,0.164,0.166,0.345,0.472,0.278,0.231,0.273,0.127,0.249,0.294,0.312,0.617,0.397,0.32,0.053,0.268,0.252,0.1,0.455,0.56,0.645,0.178,0.247,0.747,0.288,0.212,0.2,0.352,0.071,0.119,,0.357,0.675,0.402,0.604,0.208,0.321,0.278,0.318,0.212,0.403,0.54,0.149,0.196,0.471,0.308,0.296,0.399,0.23,0.11,0.287,0.293,1.045,0.717,1.82,0.731,0.379,0.873,0.175,0.494,0.321,0.8850001,0.193,0.899,0.457,0.428,0.519,,0.345,0.174,0.202,0.103,0.129,0.195,0.28,0.356,0.388,1.061,0.748,0.478,0.459,0.216,0.44,0.426,0.055,0.045,0.057,0.125,0.07,0.082,0.052,0.114,0.6300001,0.269,0.605,0.512,0.56,0.405,0.227,0.165,0.36,0.325,1.039,1.039,0.949,0.656
2007,0.204,0.227,0.303,0.352,0.17,0.155,0.322,0.111,0.276,0.264,0.322,0.613,0.484,0.308,0.077,0.435,0.199,0.079,0.411,0.789,0.518,0.194,0.162,0.7,0.199,0.121,0.156,1.156,0.129,0.133,,0.363,0.738,0.555,0.416,0.191,0.248,0.255,0.322,0.185,0.273,0.544,0.089,0.248,0.3,0.199,0.322,0.42,0.26,0.116,0.281,0.292,1.231,0.737,1.076,0.657,0.312,0.942,0.181,0.414,0.214,0.846,0.224,0.643,0.503,0.301,0.585,,0.312,0.208,0.184,0.101,0.105,0.307,0.322,0.339,0.521,0.85,0.771,0.368,0.45,0.292,0.375,0.239,0.071,0.053,0.089,0.083,0.06,0.078,0.033,0.084,0.598,0.314,0.47,0.485,0.53,0.366,0.254,0.152,0.364,0.229,0.712,0.876,0.877,0.583
2008,0.172,0.181,0.323,0.32,0.198,0.247,0.256,0.114,0.255,0.268,0.26,0.665,0.567,0.233,0.103,0.265,0.201,0.079,0.415,0.6760001,0.603,0.175,0.186,0.701,0.269,0.098,0.146,0.275,0.1,0.178,,0.686,0.866,0.6300001,,0.13,0.228,0.24,0.363,0.178,0.182,0.523,0.121,0.235,0.353,0.172,0.3,0.363,0.214,0.192,0.215,0.242,1.235,0.734,1.599,0.585,0.287,0.957,0.149,0.459,0.218,0.7090001,0.229,0.79,0.61,0.405,0.602,,0.385,0.177,0.262,0.148,0.141,0.258,0.252,0.309,0.496,0.85,0.917,0.321,0.575,0.297,0.302,0.391,0.07300001,0.041,0.103,0.099,0.063,0.124,0.039,0.062,,0.395,0.549,0.545,0.701,0.441,0.231,0.115,0.366,0.181,1.09,1.026,0.915,0.727
2009,0.151,0.167,0.158,0.256,0.179,0.157,0.229,0.081,0.173,0.32,0.248,0.526,0.471,0.13,0.041,0.209,0.107,0.108,0.407,0.598,0.369,0.167,0.143,0.504,0.196,0.07300001,0.129,0.151,0.061,0.194,,0.506,0.58,0.5840001,,0.062,0.102,0.16,0.21,0.107,0.287,0.361,0.106,0.165,0.267,0.244,0.234,0.36,0.189,0.154,0.191,0.236,0.764,0.55,0.997,0.5,0.262,0.6760001,0.137,0.092,0.157,0.503,0.144,0.606,0.395,0.239,0.48,,0.313,0.157,0.349,0.121,0.131,0.162,0.167,0.32,0.391,0.708,0.9390001,0.367,0.356,0.15,0.294,0.268,0.063,0.06,0.055,0.064,0.059,0.099,0.044,0.09,,0.425,0.41,0.379,0.517,0.449,0.135,0.128,0.244,0.131,0.592,0.76,1.007,0.459
2010,0.313,0.169,0.26,0.375,0.184,0.164,0.333,0.182,0.156,0.2,0.401,0.811,0.8,0.271,0.061,0.295,0.199,0.085,0.638,0.861,0.579,0.396,0.16,0.637,0.197,0.118,0.158,0.142,0.088,0.214,,0.405,0.461,0.576,,0.142,0.231,0.31,0.264,0.169,0.296,0.657,0.125,0.318,0.323,0.443,0.38,0.453,0.208,0.433,0.296,0.312,1.289,1.136,1.879,0.74,0.275,0.738,0.191,0.325,0.26,0.489,0.11,0.813,0.47,0.212,0.524,,0.439,0.24,0.399,0.115,0.126,0.251,0.318,0.308,0.648,1.22,1.29,0.405,0.233,0.271,0.348,0.282,0.109,0.099,0.051,0.107,0.071,0.093,0.125,0.095,,0.373,0.468,0.656,0.821,0.507,0.157,0.273,0.368,0.191,0.8520001,1.482,1.018,0.477